strategy,similarity_threshold,entailment_threshold,accuracy,precision,recall,f1,tp,fp,fn,tn,total
dual_threshold_binary,0.3,0.3,0.9786,0.9889,0.9468,0.9674,89,1,5,185,280
dual_threshold_binary,0.3,0.35,0.9786,0.9889,0.9468,0.9674,89,1,5,185,280
dual_threshold_binary,0.3,0.4,0.9786,0.9889,0.9468,0.9674,89,1,5,185,280
dual_threshold_binary,0.3,0.45,0.9786,0.9889,0.9468,0.9674,89,1,5,185,280
dual_threshold_binary,0.3,0.5,0.9786,0.9889,0.9468,0.9674,89,1,5,185,280
dual_threshold_binary,0.3,0.55,0.9786,0.9889,0.9468,0.9674,89,1,5,185,280
dual_threshold_binary,0.3,0.6,0.9786,0.9889,0.9468,0.9674,89,1,5,185,280
dual_threshold_binary,0.3,0.65,0.9786,0.9889,0.9468,0.9674,89,1,5,185,280
dual_threshold_binary,0.3,0.7,0.9786,0.9889,0.9468,0.9674,89,1,5,185,280
dual_threshold_binary,0.3,0.75,0.9786,0.9889,0.9468,0.9674,89,1,5,185,280
dual_threshold_binary,0.3,0.8,0.975,0.9888,0.9362,0.9617,88,1,6,185,280
dual_threshold_binary,0.3,0.85,0.9714,0.9886,0.9255,0.956,87,1,7,185,280
dual_threshold_binary,0.3,0.9,0.9714,0.9886,0.9255,0.956,87,1,7,185,280
dual_threshold_binary,0.3,0.95,0.9714,0.9886,0.9255,0.956,87,1,7,185,280
dual_threshold_binary,0.35,0.3,0.9786,0.9889,0.9468,0.9674,89,1,5,185,280
dual_threshold_binary,0.35,0.35,0.9786,0.9889,0.9468,0.9674,89,1,5,185,280
dual_threshold_binary,0.35,0.4,0.9786,0.9889,0.9468,0.9674,89,1,5,185,280
dual_threshold_binary,0.35,0.45,0.9786,0.9889,0.9468,0.9674,89,1,5,185,280
dual_threshold_binary,0.35,0.5,0.9786,0.9889,0.9468,0.9674,89,1,5,185,280
dual_threshold_binary,0.35,0.55,0.9786,0.9889,0.9468,0.9674,89,1,5,185,280
dual_threshold_binary,0.35,0.6,0.9786,0.9889,0.9468,0.9674,89,1,5,185,280
dual_threshold_binary,0.35,0.65,0.9786,0.9889,0.9468,0.9674,89,1,5,185,280
dual_threshold_binary,0.35,0.7,0.9786,0.9889,0.9468,0.9674,89,1,5,185,280
dual_threshold_binary,0.35,0.75,0.9786,0.9889,0.9468,0.9674,89,1,5,185,280
dual_threshold_binary,0.35,0.8,0.975,0.9888,0.9362,0.9617,88,1,6,185,280
dual_threshold_binary,0.35,0.85,0.9714,0.9886,0.9255,0.956,87,1,7,185,280
dual_threshold_binary,0.35,0.9,0.9714,0.9886,0.9255,0.956,87,1,7,185,280
dual_threshold_binary,0.35,0.95,0.9714,0.9886,0.9255,0.956,87,1,7,185,280
dual_threshold_binary,0.4,0.3,0.9786,0.9889,0.9468,0.9674,89,1,5,185,280
dual_threshold_binary,0.4,0.35,0.9786,0.9889,0.9468,0.9674,89,1,5,185,280
dual_threshold_binary,0.4,0.4,0.9786,0.9889,0.9468,0.9674,89,1,5,185,280
dual_threshold_binary,0.4,0.45,0.9786,0.9889,0.9468,0.9674,89,1,5,185,280
dual_threshold_binary,0.4,0.5,0.9786,0.9889,0.9468,0.9674,89,1,5,185,280
dual_threshold_binary,0.4,0.55,0.9786,0.9889,0.9468,0.9674,89,1,5,185,280
dual_threshold_binary,0.4,0.6,0.9786,0.9889,0.9468,0.9674,89,1,5,185,280
dual_threshold_binary,0.4,0.65,0.9786,0.9889,0.9468,0.9674,89,1,5,185,280
dual_threshold_binary,0.4,0.7,0.9786,0.9889,0.9468,0.9674,89,1,5,185,280
dual_threshold_binary,0.4,0.75,0.9786,0.9889,0.9468,0.9674,89,1,5,185,280
dual_threshold_binary,0.4,0.8,0.975,0.9888,0.9362,0.9617,88,1,6,185,280
dual_threshold_binary,0.4,0.85,0.9714,0.9886,0.9255,0.956,87,1,7,185,280
dual_threshold_binary,0.4,0.9,0.9714,0.9886,0.9255,0.956,87,1,7,185,280
dual_threshold_binary,0.4,0.95,0.9714,0.9886,0.9255,0.956,87,1,7,185,280
dual_threshold_binary,0.45,0.3,0.9786,0.9889,0.9468,0.9674,89,1,5,185,280
dual_threshold_binary,0.45,0.35,0.9786,0.9889,0.9468,0.9674,89,1,5,185,280
dual_threshold_binary,0.45,0.4,0.9786,0.9889,0.9468,0.9674,89,1,5,185,280
dual_threshold_binary,0.45,0.45,0.9786,0.9889,0.9468,0.9674,89,1,5,185,280
dual_threshold_binary,0.45,0.5,0.9786,0.9889,0.9468,0.9674,89,1,5,185,280
dual_threshold_binary,0.45,0.55,0.9786,0.9889,0.9468,0.9674,89,1,5,185,280
dual_threshold_binary,0.45,0.6,0.9786,0.9889,0.9468,0.9674,89,1,5,185,280
dual_threshold_binary,0.45,0.65,0.9786,0.9889,0.9468,0.9674,89,1,5,185,280
dual_threshold_binary,0.45,0.7,0.9786,0.9889,0.9468,0.9674,89,1,5,185,280
dual_threshold_binary,0.45,0.75,0.9786,0.9889,0.9468,0.9674,89,1,5,185,280
dual_threshold_binary,0.45,0.8,0.975,0.9888,0.9362,0.9617,88,1,6,185,280
dual_threshold_binary,0.45,0.85,0.9714,0.9886,0.9255,0.956,87,1,7,185,280
dual_threshold_binary,0.45,0.9,0.9714,0.9886,0.9255,0.956,87,1,7,185,280
dual_threshold_binary,0.45,0.95,0.9714,0.9886,0.9255,0.956,87,1,7,185,280
dual_threshold_binary,0.5,0.3,0.9786,0.9889,0.9468,0.9674,89,1,5,185,280
dual_threshold_binary,0.5,0.35,0.9786,0.9889,0.9468,0.9674,89,1,5,185,280
dual_threshold_binary,0.5,0.4,0.9786,0.9889,0.9468,0.9674,89,1,5,185,280
dual_threshold_binary,0.5,0.45,0.9786,0.9889,0.9468,0.9674,89,1,5,185,280
dual_threshold_binary,0.5,0.5,0.9786,0.9889,0.9468,0.9674,89,1,5,185,280
dual_threshold_binary,0.5,0.55,0.9786,0.9889,0.9468,0.9674,89,1,5,185,280
dual_threshold_binary,0.5,0.6,0.9786,0.9889,0.9468,0.9674,89,1,5,185,280
dual_threshold_binary,0.5,0.65,0.9786,0.9889,0.9468,0.9674,89,1,5,185,280
dual_threshold_binary,0.5,0.7,0.9786,0.9889,0.9468,0.9674,89,1,5,185,280
dual_threshold_binary,0.5,0.75,0.9786,0.9889,0.9468,0.9674,89,1,5,185,280
dual_threshold_binary,0.5,0.8,0.975,0.9888,0.9362,0.9617,88,1,6,185,280
dual_threshold_binary,0.5,0.85,0.9714,0.9886,0.9255,0.956,87,1,7,185,280
dual_threshold_binary,0.5,0.9,0.9714,0.9886,0.9255,0.956,87,1,7,185,280
dual_threshold_binary,0.5,0.95,0.9714,0.9886,0.9255,0.956,87,1,7,185,280
dual_threshold_binary,0.55,0.3,0.9786,0.9889,0.9468,0.9674,89,1,5,185,280
dual_threshold_binary,0.55,0.35,0.9786,0.9889,0.9468,0.9674,89,1,5,185,280
dual_threshold_binary,0.55,0.4,0.9786,0.9889,0.9468,0.9674,89,1,5,185,280
dual_threshold_binary,0.55,0.45,0.9786,0.9889,0.9468,0.9674,89,1,5,185,280
dual_threshold_binary,0.55,0.5,0.9786,0.9889,0.9468,0.9674,89,1,5,185,280
dual_threshold_binary,0.55,0.55,0.9786,0.9889,0.9468,0.9674,89,1,5,185,280
dual_threshold_binary,0.55,0.6,0.9786,0.9889,0.9468,0.9674,89,1,5,185,280
dual_threshold_binary,0.55,0.65,0.9786,0.9889,0.9468,0.9674,89,1,5,185,280
dual_threshold_binary,0.55,0.7,0.9786,0.9889,0.9468,0.9674,89,1,5,185,280
dual_threshold_binary,0.55,0.75,0.9786,0.9889,0.9468,0.9674,89,1,5,185,280
dual_threshold_binary,0.55,0.8,0.975,0.9888,0.9362,0.9617,88,1,6,185,280
dual_threshold_binary,0.55,0.85,0.9714,0.9886,0.9255,0.956,87,1,7,185,280
dual_threshold_binary,0.55,0.9,0.9714,0.9886,0.9255,0.956,87,1,7,185,280
dual_threshold_binary,0.55,0.95,0.9714,0.9886,0.9255,0.956,87,1,7,185,280
dual_threshold_binary,0.6,0.3,0.9679,0.9885,0.9149,0.9503,86,1,8,185,280
dual_threshold_binary,0.6,0.35,0.9679,0.9885,0.9149,0.9503,86,1,8,185,280
dual_threshold_binary,0.6,0.4,0.9679,0.9885,0.9149,0.9503,86,1,8,185,280
dual_threshold_binary,0.6,0.45,0.9679,0.9885,0.9149,0.9503,86,1,8,185,280
dual_threshold_binary,0.6,0.5,0.9679,0.9885,0.9149,0.9503,86,1,8,185,280
dual_threshold_binary,0.6,0.55,0.9679,0.9885,0.9149,0.9503,86,1,8,185,280
dual_threshold_binary,0.6,0.6,0.9679,0.9885,0.9149,0.9503,86,1,8,185,280
dual_threshold_binary,0.6,0.65,0.9679,0.9885,0.9149,0.9503,86,1,8,185,280
dual_threshold_binary,0.6,0.7,0.9679,0.9885,0.9149,0.9503,86,1,8,185,280
dual_threshold_binary,0.6,0.75,0.9679,0.9885,0.9149,0.9503,86,1,8,185,280
dual_threshold_binary,0.6,0.8,0.9643,0.9884,0.9043,0.9444,85,1,9,185,280
dual_threshold_binary,0.6,0.85,0.9607,0.9882,0.8936,0.9385,84,1,10,185,280
dual_threshold_binary,0.6,0.9,0.9607,0.9882,0.8936,0.9385,84,1,10,185,280
dual_threshold_binary,0.6,0.95,0.9607,0.9882,0.8936,0.9385,84,1,10,185,280
dual_threshold_binary,0.65,0.3,0.9571,0.9881,0.883,0.9326,83,1,11,185,280
dual_threshold_binary,0.65,0.35,0.9571,0.9881,0.883,0.9326,83,1,11,185,280
dual_threshold_binary,0.65,0.4,0.9571,0.9881,0.883,0.9326,83,1,11,185,280
dual_threshold_binary,0.65,0.45,0.9571,0.9881,0.883,0.9326,83,1,11,185,280
dual_threshold_binary,0.65,0.5,0.9571,0.9881,0.883,0.9326,83,1,11,185,280
dual_threshold_binary,0.65,0.55,0.9571,0.9881,0.883,0.9326,83,1,11,185,280
dual_threshold_binary,0.65,0.6,0.9571,0.9881,0.883,0.9326,83,1,11,185,280
dual_threshold_binary,0.65,0.65,0.9571,0.9881,0.883,0.9326,83,1,11,185,280
dual_threshold_binary,0.65,0.7,0.9571,0.9881,0.883,0.9326,83,1,11,185,280
dual_threshold_binary,0.65,0.75,0.9571,0.9881,0.883,0.9326,83,1,11,185,280
dual_threshold_binary,0.65,0.8,0.9536,0.988,0.8723,0.9266,82,1,12,185,280
dual_threshold_binary,0.65,0.85,0.95,0.9878,0.8617,0.9205,81,1,13,185,280
dual_threshold_binary,0.65,0.9,0.95,0.9878,0.8617,0.9205,81,1,13,185,280
dual_threshold_binary,0.65,0.95,0.95,0.9878,0.8617,0.9205,81,1,13,185,280
dual_threshold_binary,0.7,0.3,0.9464,0.9877,0.8511,0.9143,80,1,14,185,280
dual_threshold_binary,0.7,0.35,0.9464,0.9877,0.8511,0.9143,80,1,14,185,280
dual_threshold_binary,0.7,0.4,0.9464,0.9877,0.8511,0.9143,80,1,14,185,280
dual_threshold_binary,0.7,0.45,0.9464,0.9877,0.8511,0.9143,80,1,14,185,280
dual_threshold_binary,0.7,0.5,0.9464,0.9877,0.8511,0.9143,80,1,14,185,280
dual_threshold_binary,0.7,0.55,0.9464,0.9877,0.8511,0.9143,80,1,14,185,280
dual_threshold_binary,0.7,0.6,0.9464,0.9877,0.8511,0.9143,80,1,14,185,280
dual_threshold_binary,0.7,0.65,0.9464,0.9877,0.8511,0.9143,80,1,14,185,280
dual_threshold_binary,0.7,0.7,0.9464,0.9877,0.8511,0.9143,80,1,14,185,280
dual_threshold_binary,0.7,0.75,0.9464,0.9877,0.8511,0.9143,80,1,14,185,280
dual_threshold_binary,0.7,0.8,0.9429,0.9875,0.8404,0.908,79,1,15,185,280
dual_threshold_binary,0.7,0.85,0.9393,0.9873,0.8298,0.9017,78,1,16,185,280
dual_threshold_binary,0.7,0.9,0.9393,0.9873,0.8298,0.9017,78,1,16,185,280
dual_threshold_binary,0.7,0.95,0.9393,0.9873,0.8298,0.9017,78,1,16,185,280
dual_threshold_binary,0.75,0.3,0.9143,0.9861,0.7553,0.8554,71,1,23,185,280
dual_threshold_binary,0.75,0.35,0.9143,0.9861,0.7553,0.8554,71,1,23,185,280
dual_threshold_binary,0.75,0.4,0.9143,0.9861,0.7553,0.8554,71,1,23,185,280
dual_threshold_binary,0.75,0.45,0.9143,0.9861,0.7553,0.8554,71,1,23,185,280
dual_threshold_binary,0.75,0.5,0.9143,0.9861,0.7553,0.8554,71,1,23,185,280
dual_threshold_binary,0.75,0.55,0.9143,0.9861,0.7553,0.8554,71,1,23,185,280
dual_threshold_binary,0.75,0.6,0.9143,0.9861,0.7553,0.8554,71,1,23,185,280
dual_threshold_binary,0.75,0.65,0.9143,0.9861,0.7553,0.8554,71,1,23,185,280
dual_threshold_binary,0.75,0.7,0.9143,0.9861,0.7553,0.8554,71,1,23,185,280
dual_threshold_binary,0.75,0.75,0.9143,0.9861,0.7553,0.8554,71,1,23,185,280
dual_threshold_binary,0.75,0.8,0.9107,0.9859,0.7447,0.8485,70,1,24,185,280
dual_threshold_binary,0.75,0.85,0.9071,0.9857,0.734,0.8415,69,1,25,185,280
dual_threshold_binary,0.75,0.9,0.9071,0.9857,0.734,0.8415,69,1,25,185,280
dual_threshold_binary,0.75,0.95,0.9071,0.9857,0.734,0.8415,69,1,25,185,280
dual_threshold_binary,0.8,0.3,0.8643,0.9828,0.6064,0.75,57,1,37,185,280
dual_threshold_binary,0.8,0.35,0.8643,0.9828,0.6064,0.75,57,1,37,185,280
dual_threshold_binary,0.8,0.4,0.8643,0.9828,0.6064,0.75,57,1,37,185,280
dual_threshold_binary,0.8,0.45,0.8643,0.9828,0.6064,0.75,57,1,37,185,280
dual_threshold_binary,0.8,0.5,0.8643,0.9828,0.6064,0.75,57,1,37,185,280
dual_threshold_binary,0.8,0.55,0.8643,0.9828,0.6064,0.75,57,1,37,185,280
dual_threshold_binary,0.8,0.6,0.8643,0.9828,0.6064,0.75,57,1,37,185,280
dual_threshold_binary,0.8,0.65,0.8643,0.9828,0.6064,0.75,57,1,37,185,280
dual_threshold_binary,0.8,0.7,0.8643,0.9828,0.6064,0.75,57,1,37,185,280
dual_threshold_binary,0.8,0.75,0.8643,0.9828,0.6064,0.75,57,1,37,185,280
dual_threshold_binary,0.8,0.8,0.8643,0.9828,0.6064,0.75,57,1,37,185,280
dual_threshold_binary,0.8,0.85,0.8643,0.9828,0.6064,0.75,57,1,37,185,280
dual_threshold_binary,0.8,0.9,0.8643,0.9828,0.6064,0.75,57,1,37,185,280
dual_threshold_binary,0.8,0.95,0.8643,0.9828,0.6064,0.75,57,1,37,185,280
dual_threshold_binary,0.85,0.3,0.7857,0.9722,0.3723,0.5385,35,1,59,185,280
dual_threshold_binary,0.85,0.35,0.7857,0.9722,0.3723,0.5385,35,1,59,185,280
dual_threshold_binary,0.85,0.4,0.7857,0.9722,0.3723,0.5385,35,1,59,185,280
dual_threshold_binary,0.85,0.45,0.7857,0.9722,0.3723,0.5385,35,1,59,185,280
dual_threshold_binary,0.85,0.5,0.7857,0.9722,0.3723,0.5385,35,1,59,185,280
dual_threshold_binary,0.85,0.55,0.7857,0.9722,0.3723,0.5385,35,1,59,185,280
dual_threshold_binary,0.85,0.6,0.7857,0.9722,0.3723,0.5385,35,1,59,185,280
dual_threshold_binary,0.85,0.65,0.7857,0.9722,0.3723,0.5385,35,1,59,185,280
dual_threshold_binary,0.85,0.7,0.7857,0.9722,0.3723,0.5385,35,1,59,185,280
dual_threshold_binary,0.85,0.75,0.7857,0.9722,0.3723,0.5385,35,1,59,185,280
dual_threshold_binary,0.85,0.8,0.7857,0.9722,0.3723,0.5385,35,1,59,185,280
dual_threshold_binary,0.85,0.85,0.7857,0.9722,0.3723,0.5385,35,1,59,185,280
dual_threshold_binary,0.85,0.9,0.7857,0.9722,0.3723,0.5385,35,1,59,185,280
dual_threshold_binary,0.85,0.95,0.7857,0.9722,0.3723,0.5385,35,1,59,185,280
dual_threshold_binary,0.9,0.3,0.7107,1.0,0.1383,0.243,13,0,81,186,280
dual_threshold_binary,0.9,0.35,0.7107,1.0,0.1383,0.243,13,0,81,186,280
dual_threshold_binary,0.9,0.4,0.7107,1.0,0.1383,0.243,13,0,81,186,280
dual_threshold_binary,0.9,0.45,0.7107,1.0,0.1383,0.243,13,0,81,186,280
dual_threshold_binary,0.9,0.5,0.7107,1.0,0.1383,0.243,13,0,81,186,280
dual_threshold_binary,0.9,0.55,0.7107,1.0,0.1383,0.243,13,0,81,186,280
dual_threshold_binary,0.9,0.6,0.7107,1.0,0.1383,0.243,13,0,81,186,280
dual_threshold_binary,0.9,0.65,0.7107,1.0,0.1383,0.243,13,0,81,186,280
dual_threshold_binary,0.9,0.7,0.7107,1.0,0.1383,0.243,13,0,81,186,280
dual_threshold_binary,0.9,0.75,0.7107,1.0,0.1383,0.243,13,0,81,186,280
dual_threshold_binary,0.9,0.8,0.7107,1.0,0.1383,0.243,13,0,81,186,280
dual_threshold_binary,0.9,0.85,0.7107,1.0,0.1383,0.243,13,0,81,186,280
dual_threshold_binary,0.9,0.9,0.7107,1.0,0.1383,0.243,13,0,81,186,280
dual_threshold_binary,0.9,0.95,0.7107,1.0,0.1383,0.243,13,0,81,186,280
