threshold,accuracy,precision,recall,f1,tp,fp,fn,tn,total
0.1,0.3357,0.3357,1.0,0.5027,94,186,0,0,280
0.11,0.3357,0.3357,1.0,0.5027,94,186,0,0,280
0.12,0.3357,0.3357,1.0,0.5027,94,186,0,0,280
0.13,0.3357,0.3357,1.0,0.5027,94,186,0,0,280
0.14,0.3357,0.3357,1.0,0.5027,94,186,0,0,280
0.15,0.3357,0.3357,1.0,0.5027,94,186,0,0,280
0.16,0.3357,0.3357,1.0,0.5027,94,186,0,0,280
0.17,0.3357,0.3357,1.0,0.5027,94,186,0,0,280
0.18,0.3357,0.3357,1.0,0.5027,94,186,0,0,280
0.19,0.3357,0.3357,1.0,0.5027,94,186,0,0,280
0.2,0.3357,0.3357,1.0,0.5027,94,186,0,0,280
0.21,0.3357,0.3357,1.0,0.5027,94,186,0,0,280
0.22,0.3357,0.3357,1.0,0.5027,94,186,0,0,280
0.23,0.3357,0.3357,1.0,0.5027,94,186,0,0,280
0.24,0.3357,0.3357,1.0,0.5027,94,186,0,0,280
0.25,0.3357,0.3357,1.0,0.5027,94,186,0,0,280
0.26,0.3357,0.3357,1.0,0.5027,94,186,0,0,280
0.27,0.3357,0.3357,1.0,0.5027,94,186,0,0,280
0.28,0.3357,0.3357,1.0,0.5027,94,186,0,0,280
0.29,0.3357,0.3357,1.0,0.5027,94,186,0,0,280
0.3,0.3357,0.3357,1.0,0.5027,94,186,0,0,280
0.31,0.3357,0.3357,1.0,0.5027,94,186,0,0,280
0.32,0.3357,0.3357,1.0,0.5027,94,186,0,0,280
0.33,0.3393,0.3369,1.0,0.504,94,185,0,1,280
0.34,0.3393,0.3369,1.0,0.504,94,185,0,1,280
0.35,0.3393,0.3369,1.0,0.504,94,185,0,1,280
0.36,0.3393,0.3369,1.0,0.504,94,185,0,1,280
0.37,0.3393,0.3369,1.0,0.504,94,185,0,1,280
0.38,0.3393,0.3369,1.0,0.504,94,185,0,1,280
0.39,0.3429,0.3381,1.0,0.5054,94,184,0,2,280
0.4,0.3429,0.3381,1.0,0.5054,94,184,0,2,280
0.41,0.3464,0.3394,1.0,0.5067,94,183,0,3,280
0.42,0.3464,0.3394,1.0,0.5067,94,183,0,3,280
0.43,0.3464,0.3394,1.0,0.5067,94,183,0,3,280
0.44,0.35,0.3406,1.0,0.5081,94,182,0,4,280
0.45,0.35,0.3406,1.0,0.5081,94,182,0,4,280
0.46,0.35,0.3406,1.0,0.5081,94,182,0,4,280
0.47,0.3536,0.3418,1.0,0.5095,94,181,0,5,280
0.48,0.3536,0.3418,1.0,0.5095,94,181,0,5,280
0.49,0.3536,0.3418,1.0,0.5095,94,181,0,5,280
0.5,0.3607,0.3443,1.0,0.5123,94,179,0,7,280
0.51,0.375,0.3494,1.0,0.5179,94,175,0,11,280
0.52,0.4036,0.3602,1.0,0.5296,94,167,0,19,280
0.53,0.4286,0.3701,1.0,0.5402,94,160,0,26,280
0.54,0.4393,0.3745,1.0,0.5449,94,157,0,29,280
0.55,0.4536,0.3806,1.0,0.5513,94,153,0,33,280
0.56,0.4607,0.3837,1.0,0.5546,94,151,0,35,280
0.57,0.4679,0.3859,0.9894,0.5552,93,148,1,38,280
0.58,0.4893,0.3957,0.9894,0.5653,93,142,1,44,280
0.59,0.4964,0.3983,0.9787,0.5662,92,139,2,47,280
0.6,0.5036,0.4009,0.9681,0.567,91,136,3,50,280
0.61,0.5107,0.4044,0.9681,0.5705,91,134,3,52,280
0.62,0.525,0.4101,0.9468,0.5723,89,128,5,58,280
0.63,0.5429,0.4198,0.9468,0.5817,89,123,5,63,280
0.64,0.5571,0.4272,0.9362,0.5867,88,118,6,68,280
0.65,0.5679,0.4328,0.9255,0.5898,87,114,7,72,280
0.66,0.575,0.4365,0.9149,0.5911,86,111,8,75,280
0.67,0.5857,0.4433,0.9149,0.5972,86,108,8,78,280
0.68,0.5929,0.4474,0.9043,0.5986,85,105,9,81,280
0.69,0.6107,0.459,0.8936,0.6065,84,99,10,87,280
0.7,0.6179,0.4637,0.883,0.6081,83,96,11,90,280
0.71,0.6179,0.4629,0.8617,0.6022,81,94,13,92,280
0.72,0.6571,0.4939,0.8617,0.6279,81,83,13,103,280
0.73,0.6643,0.5,0.8191,0.621,77,77,17,109,280
0.74,0.6714,0.5067,0.8085,0.623,76,74,18,112,280
0.75,0.675,0.5103,0.7872,0.6192,74,71,20,115,280
0.76,0.6964,0.5328,0.7766,0.632,73,64,21,122,280
0.77,0.6893,0.5276,0.7128,0.6063,67,60,27,126,280
0.78,0.6964,0.5385,0.6702,0.5972,63,54,31,132,280
0.79,0.7,0.5455,0.6383,0.5882,60,50,34,136,280
0.8,0.7107,0.5619,0.6277,0.593,59,46,35,140,280
0.81,0.7179,0.5773,0.5957,0.5864,56,41,38,145,280
0.82,0.6964,0.5529,0.5,0.5251,47,38,47,148,280
0.83,0.6893,0.5455,0.4468,0.4912,42,35,52,151,280
0.84,0.6929,0.5556,0.4255,0.4819,40,32,54,154,280
0.85,0.6857,0.5455,0.383,0.45,36,30,58,156,280
0.86,0.675,0.5273,0.3085,0.3893,29,26,65,160,280
0.87,0.6964,0.6154,0.2553,0.3609,24,15,70,171,280
0.88,0.675,0.5517,0.1702,0.2602,16,13,78,173,280
0.89,0.6786,0.5909,0.1383,0.2241,13,9,81,177,280
0.9,0.6893,0.6842,0.1383,0.2301,13,6,81,180,280
0.91,0.675,0.6154,0.0851,0.1495,8,5,86,181,280
0.92,0.6821,0.7273,0.0851,0.1524,8,3,86,183,280
0.93,0.6786,0.75,0.0638,0.1176,6,2,88,184,280
0.94,0.6821,0.8571,0.0638,0.1188,6,1,88,185,280
0.95,0.675,1.0,0.0319,0.0619,3,0,91,186,280
