ID,context,answer,references
1,"[1.1 What Is Psychology? p.20-20] psychology has explored these questions. 1.1 What Is Psychology? LEARNING OBJECTIVES By the end of this section, you will be able to: • Define psychology • Understand the merits of an education in psy | [1.1 What Is Psychology? p.20-20] under the auspices of philosophy. Given that any behavior is, at its roots, biological, some areas of psychology take on aspects of a natural science like biology. No biological organism exists in iso | [2.1 Why Is Research Important? p.52-52] are closely associated with inductive processes as researchers gather massive amounts of observations and seek interesting patterns (new ideas) in the data. Experimental research, on the other hand, p | [1.3 Contemporary Psychology p.30-31] the Society of Indian Psychologists (SIP). Most of these groups are also dedicated to studying psychological and social issues within their specific communities. This section will provide an overview  | [Critical Thinking Questions p.81-81] d. ethics Critical Thinking Questions 25 . In this section, there was a discussion about researchers arriving at different conclusions about the use of technology in certain student populations, with ","The scientific method in psychology is an empirical, systematic process that begins with a theory and leads to testable hypotheses. Researchers design experiments or observations to collect measurable data, then analyze the results to see whether they support or contradict the hypothesis. Findings are published so others can replicate or extend the work, and theories are refined or revised based on the accumulated evidence.","{""sections"": [""introduction_to_psychology/what_is_psychology"", ""psychological_research/why_is_research_important"", ""introduction_to_psychology/contemporary_psychology"", ""psychological_research/critical_thinking_questions""], ""pages"": [20, 30, 31, 52, 81]}"
2,"[6.1 What Is Learning? p.194-194] learning—classical conditioning, operant conditioning, and observational learning Learning Birds build nests and migrate as winter approaches. Infants suckle for nourishment. Dogs shake water off wet  | [Chapter Outline p.83-83] FIGURE 3.1 Different brain imaging techniques provide scientists with insight into different aspects of how the human brain functions. Left to right, PET scan (positron emission tomography), CT scan ( | [Chapter 3 Biopsychology p.83-83] FIGURE 3.1 Different brain imaging techniques provide scientists with insight into different aspects of how the human brain functions. Left to right, PET scan (positron emission tomography), CT scan ( | [3.1 Human Genetics p.83-84] FIGURE 3.1 Different brain imaging techniques provide scientists with insight into different aspects of how the human brain functions. Left to right, PET scan (positron emission tomography), CT scan ( | [3.2 Cells of the Nervous System p.94-95] the length of the axon is an electrical event, and movement of the neurotransmitter across the synaptic space represents the chemical portion of the process. However, there are some specialized connec",Not found in the provided textbook.,"{""sections"": [""learning/what_is_learning"", ""biopsychology/chapter_outline"", ""biopsychology"", ""biopsychology/human_genetics"", ""biopsychology/cells_of_the_nervous_system""], ""pages"": [83, 84, 94, 95, 194]}"
3,"[4.3 Stages of Sleep p.129-129] certain aspects of sleep (Walker, 2009). LINK TO LEARNING Watch this brief video about the relationship between sleep and memory (https://openstax.org/l/sleepmemory) to learn more. 4.3 Stages of Sleep | [4.2 Sleep and Why We Sleep p.126-127] sleep • Understand hormone secretions associated with sleep • Describe several theories aimed at explaining the function of sleep • Name and describe three theories about why we dream 114 4 • States o | [Chapter Outline p.121-121] FIGURE 4.1 Sleep, which we all experience, is a quiet and mysterious pause in our daily lives. Two sleeping children are depicted in this 1895 oil painting titled Zwei schlafende Mädchen auf der Ofenb | [Chapter 4 States of Consciousness p.121-121] FIGURE 4.1 Sleep, which we all experience, is a quiet and mysterious pause in our daily lives. Two sleeping children are depicted in this 1895 oil painting titled Zwei schlafende Mädchen auf der Ofenb | [4.3 Stages of Sleep p.132-132] to stress in nondepressed individuals by suppressing the emotional salience of aversive events that occurred in wakefulness (Suchecki, Tiba, & Machado, 2012). Sleep deprivation in general is associate","Sleep is divided into two main phases: REM (rapid‑eye‑movement) sleep and non‑REM (NREM) sleep.  
NREM sleep is further subdivided into three stages.  
Stage 1 is a transitional phase between wakefulness and sleep, marked by slowing respiration and heartbeat.  
Stages 2 and 3 follow stage 1 and together make up the NREM portion before the cycle returns to REM sleep.","{""sections"": [""states_of_consciousness/stages_of_sleep"", ""states_of_consciousness/sleep_and_why_we_sleep"", ""states_of_consciousness/chapter_outline"", ""states_of_consciousness""], ""pages"": [121, 126, 127, 129, 132]}"
4,"[6.2 Classical Conditioning p.195-195] FIGURE 6.2 In operant conditioning, a response is associated with a consequence. This dog has learned that certain behaviors result in receiving a treat. (credit: Crystal Rolfe) Observational learning | [6.1 What Is Learning? p.194-194] You will see that associative learning is central to all three basic learning processes discussed in this chapter; classical conditioning tends to involve unconscious processes, operant conditioning t | [6.3 Operant Conditioning p.205-206] conditioning of pigeons (https://openstax.org/l/skinner1) to learn more. In discussing operant conditioning, we use several everyday words—positive, negative, reinforcement, and punishment—in a specia | [6.3 Operant Conditioning p.204-204] yourself, does this advertising technique actually work? According to Cialdini (2008), men who viewed a car commercial that included an attractive model later rated the car as being faster, more appea | [Personal Application Questions p.223-223] opposites. 21 . How does a neutral stimulus become a conditioned stimulus? 22 . What is a Skinner box and what is its purpose? 23 . What is the difference between negative reinforcement and punishment","Operant conditioning is a type of associative learning in which an organism learns to link a behavior with its consequence. A pleasant consequence (reinforcement) makes the behavior more likely to occur again, while an unpleasant consequence (punishment) makes it less likely. Reinforcement can be positive (adding something) or negative (removing something), and punishment can also be positive (adding something) or negative (removing something). This process allows new behaviors to be acquired and existing behaviors to be strengthened or weakened.","{""sections"": [""learning/classical_conditioning"", ""learning/what_is_learning"", ""learning/operant_conditioning"", ""learning/personal_application_questions""], ""pages"": [194, 195, 204, 205, 206, 223]}"
5,"[7.3 Problem Solving p.234-234] linguistic hemisphere) of the brain is less affected by linguistic influences on perception (Regier & Kay, 2009) 7.3 Problem Solving LEARNING OBJECTIVES By the end of this section, you will be able to | [7.3 Problem Solving p.234-235] formula Instructional video for installing new software on your computer Heuristic General problem-solving framework Working backwards; breaking a task into steps TABLE 7.2 Another type of strategy is | [7.3 Problem Solving p.236-238] puzzle below (Figure 7.9). Sam Loyd, a well-known puzzle master, created and refined countless puzzles throughout his lifetime (Cyclopedia of Puzzles, n.d.). 224 7 • Thinking and Intelligence FIGURE 7 | [7.3 Problem Solving p.235-236] tends to back up any day of the week, you need to plan your route and time your departure accordingly. If you want to be at the wedding service by 3:30 PM, and it takes 2.5 hours to get to Philadelphi | [14.4 Regulation of Stress p.524-524] sensitivity in already-sensitive pain pathways in tension headache sufferers (Cathcart, Petkov, & Pritchard, 2008). 14.4 Regulation of Stress LEARNING OBJECTIVES By the end of this section, you will b","Problem‑solving in psychology is the cognitive process of identifying a problem, generating possible solutions, evaluating those solutions, and selecting an action that resolves the problem. It involves applying specific strategies—such as trial and error, algorithms (step‑by‑step procedures), and heuristics (mental shortcuts)—to guide the search for a solution. Successful problem‑solving also requires overcoming obstacles like mental set and functional fixedness that can block creative or effective responses.","{""sections"": [""thinking_and_intelligence/problem_solving"", ""stress_lifestyle_and_health/regulation_of_stress""], ""pages"": [234, 235, 236, 237, 238, 524]}"
6,"[8.1 How Memory Functions p.262-262] semantic encoding be beneficial to you as you attempt to memorize the concepts in this chapter? Storage Once the information has been encoded, we have to somehow retain it. Our brains take the encoded | [8.1 How Memory Functions p.260-261] 8.1 How Memory Functions LEARNING OBJECTIVES By the end of this section, you will be able to: • Discuss the three basic functions of memory • Describe the three stages of memory storage • Describe and | [4.3 Stages of Sleep p.129-129] certain aspects of sleep (Walker, 2009). LINK TO LEARNING Watch this brief video about the relationship between sleep and memory (https://openstax.org/l/sleepmemory) to learn more. 4.3 Stages of Sleep | [Review Questions p.329-329] studied by developmental psychologists. They view development as a lifelong process that can be studied scientifically across three developmental domains: physical, cognitive development, and psychoso | [9.3 Stages of Development p.304-305] FIGURE 9.6 Kohlberg identified three levels of moral reasoning: pre-conventional, conventional, and post- conventional: Each level is associated with increasingly complex stages of moral development. ","The three stages of memory are **sensory memory**, **short‑term (working) memory**, and **long‑term memory**.","{""sections"": [""memory/how_memory_functions"", ""states_of_consciousness/stages_of_sleep"", ""lifespan_development/review_questions"", ""lifespan_development/stages_of_development""], ""pages"": [129, 260, 261, 262, 304, 305, 329]}"
7,"[10.4 Emotion p.355-357] experience and provide insight into the biological bases of emotion. This section closes with a discussion of the ubiquitous nature of facial expressions of emotion and our abilities to recognize thos | [10.4 Emotion p.354-355] appraisal, and physiological responses (Levenson, Carstensen, Friesen, & Ekman, 1991). However, as discussed later in the chapter, the exact order in which the components occur is not clear, and some  | [Key Terms p.448-448] individuals based solely on their membership in a group, regardless of their individual characteristics triangular theory of love model of love based on three components: intimacy, passion, and commit | [Key Terms p.365-365] Key Terms anorexia nervosa eating disorder characterized by an individual maintaining body weight that is well below average through starvation and/or excessive exercise bariatric surgery type of surg | [10.4 Emotion p.359-360] example, your brain predicting a churning stomach in a bakery could lead to you constructing hunger. However, your brain predicting a churning stomach while you were waiting for medical test results c","Emotion is understood as a combination of three core components: physiological arousal (e.g., heart rate, sweating), psychological appraisal (how we evaluate the situation’s impact), and subjective experience (the feeling or affect we consciously notice). These elements interact to produce the full emotional response.","{""sections"": [""emotion_and_motivation/emotion"", ""social_psychology/key_terms"", ""emotion_and_motivation/key_terms""], ""pages"": [354, 355, 356, 357, 359, 360, 365, 448]}"
8,"[11.7 Trait Theorists p.394-395] middle ground, with its five factors referred to as the Big Five personality factors. It is the most popular theory in personality psychology today and the most accurate approximation of the basic per | [1.3 Contemporary Psychology p.33-34] contributed to early theories of personality. These early theorists attempted to explain how an individual’s personality develops from their given perspective. For example, Freud proposed that persona | [11.8 Cultural Understandings of Personality p.396-396] The HEXACO Traits Trait Example Aspects of Trait (H) Honesty-humility Sincerity, modesty, faithfulness (E) Emotionality Sentimentality, anxiety, sensitivity (X) Extraversion Sociability, talkativeness | [11.7 Trait Theorists p.392-394] Stressed TABLE 11.5 LINK TO LEARNING Take this assessment based on Cattell's 16PF questionnaire (https://openstax.org/l/cattell) to see which personality traits dominate your personality. Psychologist | [11.7 Trait Theorists p.391-392] traits, and secondary traits. A cardinal trait is one that dominates your entire personality, and hence your life—such as Ebenezer Scrooge’s greed and Mother Theresa’s altruism. Cardinal traits are no","The Five Factor Model identifies five major personality traits: openness to experience, conscientiousness, extroversion, agreeableness, and neuroticism.","{""sections"": [""personality/trait_theorists"", ""introduction_to_psychology/contemporary_psychology"", ""personality/cultural_understandings_of_personality""], ""pages"": [33, 34, 391, 392, 393, 394, 395, 396]}"
9,"[1.1 What Is Psychology? p.20-20] under the auspices of philosophy. Given that any behavior is, at its roots, biological, some areas of psychology take on aspects of a natural science like biology. No biological organism exists in iso | [12.1 What Is Social Psychology? p.412-412] Social psychologists examine how the presence of others impacts how a person behaves and reacts, whether that person is an athlete playing a game, a police officer on the job, or a worshiper attending | [12.1 What Is Social Psychology? p.417-417] poverty ignores situational factors that impact them, such as high unemployment rates, recession, poor educational opportunities, and the familial cycle of poverty (Figure 12.7). Other research shows  | [12.2 Self-presentation p.418-418] 12.2 Self-presentation LEARNING OBJECTIVES By the end of this section, you will be able to: • Describe social roles and how they influence behavior • Explain what social norms are and how they influen | [12.4 Conformity, Compliance, and Obedience p.432-433] time, this leads to a strengthening of their own perspective and of hostile attitudes and behaviors towards 420 12 • Social Psychology those with different political ideals. Remarkably, political pola","Social psychology is the scientific study of how the presence of others and the social context influence a person’s thoughts, feelings, and behaviors. It examines both situational factors (such as social roles, norms, and group dynamics) and dispositional factors (personality traits) that shape behavior. The field investigates intrapersonal processes like self‑presentation and attitude change, as well as interpersonal processes such as conformity, obedience, aggression, and altruism. By exploring how people interpret and respond to social situations, social psychologists seek to understand the mechanisms that drive human interaction.","{""sections"": [""introduction_to_psychology/what_is_psychology"", ""social_psychology/what_is_social_psychology"", ""social_psychology/selfpresentation"", ""social_psychology/conformity_compliance_and_obedience""], ""pages"": [20, 412, 417, 418, 432, 433]}"
10,"[Chapter 16 Therapy and Treatment p.609-609] FIGURE 16.1 Many forms of therapy have been developed to treat a wide array of problems. These marines who served in Iraq and Afghanistan, together with community mental health volunteers, are part of | [Chapter Outline p.609-609] FIGURE 16.1 Many forms of therapy have been developed to treat a wide array of problems. These marines who served in Iraq and Afghanistan, together with community mental health volunteers, are part of | [16.5 The Sociocultural Model and Therapy Utilization p.634-635] on individual decision making may be ineffective at helping a Chinese client with a collectivist approach to problem solving (Sue, 2004). Multicultural counseling and therapy aims to offer both a help | [16.5 The Sociocultural Model and Therapy Utilization p.634-634] Comorbid Disorders Frequently, a person with an addiction to drugs and/or alcohol has an additional psychological disorder. Saying a person has comorbid disorders means the individual has two or more  | [16.3 Treatment Modalities p.631-631] heal the family. There are several different types of family therapy. In structural family therapy, the therapist examines and discusses the boundaries and structure of the family: who makes the rules","The sociocultural model in therapy views psychological problems through the lens of a person’s cultural and social context. It integrates cultural norms, values, and group dynamics into assessment, diagnosis, and treatment, balancing individual and collectivist perspectives. Therapists using this model gather information about clients’ cultural patterns and apply both universal and culture‑specific strategies, often in individual, group, family, or couples settings, to create a treatment plan that aligns with the client’s cultural background.","{""sections"": [""therapy_and_treatment"", ""therapy_and_treatment/chapter_outline"", ""therapy_and_treatment/the_sociocultural_model_and_therapy_utilization"", ""therapy_and_treatment/treatment_modalities""], ""pages"": [609, 631, 634, 635]}"
11,"[1.1 What Is Psychology? p.20-20] under the auspices of philosophy. Given that any behavior is, at its roots, biological, some areas of psychology take on aspects of a natural science like biology. No biological organism exists in iso | [2.1 Why Is Research Important? p.50-51] n.d.). FIGURE 2.3 (a) Margaret Floy Washburn was the first woman to earn a doctorate degree in psychology. (b) The outcome of Brown v. Board of Education was influenced by the research of psychologist | [1.2 History of Psychology p.29-29] was a woman. She had been taught and mentored by William James, who tried and failed to convince Harvard to award her the doctoral degree. Her memory research studied primacy and recency (Madigan & O’ | [Chapter 1 Introduction to Psychology p.19-19] FIGURE 1.1 Psychology is the scientific study of mind and behavior. (credit ""background"": modification of work by Nattachai Noogure; credit ""top left"": modification of work by Peter Shanks; credit ""to | [1.2 History of Psychology p.22-23] survival and reproduction of the individual, because it has been naturally selected. As James saw it, psychology’s purpose was to study the function of behavior in the world, and as such, his perspect","Psychology began as a philosophical inquiry into mind and behavior, later incorporating biological and social perspectives as researchers recognized the biological roots of behavior and its social context. Early experimental work emerged in the late 19th century with laboratories in Europe, the United States, South America, and India, and the American Psychological Association was founded in 1892. Key theoretical shifts included structuralism, which focused on mental components, and functionalism, championed by William James, which examined how mental processes help organisms adapt. The field was shaped by pioneering figures such as Freud, who introduced psychoanalytic theory, and by early women psychologists—Margaret Floy Washburn, Mary Whiton Calkins, Mary Cover Jones, Inez Beverly Prosser, and Martha Bernal—who expanded research and increased diversity. Over time, psychology has evolved into a scientific discipline that blends deductive and inductive reasoning to study mind and behavior.","{""sections"": [""introduction_to_psychology/what_is_psychology"", ""psychological_research/why_is_research_important"", ""introduction_to_psychology/history_of_psychology"", ""introduction_to_psychology""], ""pages"": [19, 20, 22, 23, 29, 50, 51]}"
12,"[1.2 History of Psychology p.21-22] as a psychologist. His famous book entitled Principles of Physiological Psychology was published in 1873. Wundt viewed psychology as a scientific study of conscious experience, and he believed that th | [1.2 History of Psychology p.24-24] as a whole is often what the individual responds to in perception. For example, a song may be made up of individual notes played by different instruments, but the real nature of the song is perceived  | [1.2 History of Psychology p.22-23] survival and reproduction of the individual, because it has been naturally selected. As James saw it, psychology’s purpose was to study the function of behavior in the world, and as such, his perspect | [13.1 What Is Industrial and Organizational Psychology? p.461-462] Scientist Project Consultant Inspector Research Scientist Marketer Product Development Humanitarian Work Psychology Works to improve the conditions of individuals who have faced serious disaster or wh | [11.1 What Is Personality? p.372-373] underneath, providing information that could be used to determine whether a person was friendly, prideful, murderous, kind, good with languages, and so on. Initially, phrenology was very popular; howe","Wilhelm Wundt (1832‑1920) was a German psychologist who founded the first laboratory for psychological research at the University of Leipzig in 1879. He viewed psychology as a scientific study of conscious experience, using introspection and experimental methods such as reaction‑time measurement. William James (1842‑1910) was the first American psychologist and a leading proponent of functionalism, which emphasized the purpose of mental processes in helping organisms adapt to their environment. James also used objective measures and believed that introspection could aid the study of mental activity.","{""sections"": [""introduction_to_psychology/history_of_psychology"", ""industrialorganizational_psychology/what_is_industrial_and_organizational_psychology"", ""personality/what_is_personality""], ""pages"": [21, 22, 23, 24, 372, 373, 461, 462]}"
13,"[1.2 History of Psychology p.22-23] survival and reproduction of the individual, because it has been naturally selected. As James saw it, psychology’s purpose was to study the function of behavior in the world, and as such, his perspect | [1.2 History of Psychology p.21-22] as a psychologist. His famous book entitled Principles of Physiological Psychology was published in 1873. Wundt viewed psychology as a scientific study of conscious experience, and he believed that th | [13.1 What Is Industrial and Organizational Psychology? p.465-465] and organizational psychology became areas of significant research effort. Concerns about the fairness of employment tests arose, and the ethnic and gender biases in various tests were evaluated with  | [15.1 What Are Psychological Disorders? p.550-551] their lives (Buchanan-Barker & Barker, 2009). Harmful Dysfunction If no criterion discussed so far is adequate by itself to define the presence of a psychological disorder, how can a disorder be conce | [Review Questions p.44-45] an undergraduate education in psychology are useful in a variety of work contexts. Review Questions 1 . Which of the following was mentioned as a skill to which psychology students would be exposed? a","Functionalism is the view that psychology should study the purpose or function of behavior and mental processes. It emphasizes how mental activities help an organism adapt to its environment and survive, drawing on Darwinian ideas of natural selection. Functionalists focus on the operation of the whole mind rather than on its individual components, which were the focus of structuralism. This perspective was developed by William James, John Dewey, and Charles Sanders Peirce.","{""sections"": [""introduction_to_psychology/history_of_psychology"", ""industrialorganizational_psychology/what_is_industrial_and_organizational_psychology"", ""psychological_disorders/what_are_psychological_disorders"", ""introduction_to_psychology/review_questions""], ""pages"": [21, 22, 23, 44, 45, 465, 550, 551]}"
14,"[11.3 Neo-Freudians: Adler, Erikson, Jung, and Horney p.380-381] Psychoanalytical Society (Freud’s inner circle of colleagues), was the first major theorist to break away from Freud (Figure 11.8). He subsequently founded a school of psychology called individual psy | [9.2 Lifespan Theories p.296-297] the stages to understanding childhood cognition • Describe Kohlberg’s theory of moral development • Compare and contrast the strengths and weaknesses of major developmental theories There are many the | [2.2 Approaches to Research p.53-53] feeling of fear. A hypothesis that could be derived from this theory might be that a person who is unaware of the physiological arousal that the sight of the snake elicits will not feel fear. A scient | [11.3 Neo-Freudians: Adler, Erikson, Jung, and Horney p.380-380] puberty). This period is not considered a stage, because sexual feelings are dormant as children focus on other pursuits, such as school, friendships, hobbies, and sports. Children generally engage in | [1.2 History of Psychology p.23-24] about psychoanalytical therapy; it was published in 1922. Freud’s ideas were influential, and you will learn more about them when you study lifespan development, personality, and therapy. For instance","Freud’s major contributions include establishing the importance of the unconscious mind and early childhood experiences in shaping adult personality and behavior. He introduced the id, ego, and superego framework and the psychosexual stages of development, emphasizing how unresolved conflicts can lead to fixation. Freud’s work laid the groundwork for psychoanalytic therapy, popularizing the idea that talking through past experiences can uncover unconscious motives. His theories also highlighted the role of internal conflicts and mental representations in guiding interactions, influencing subsequent personality and developmental research.","{""sections"": [""personality/neofreudians_adler_erikson_jung_and_horney"", ""lifespan_development/lifespan_theories"", ""psychological_research/approaches_to_research"", ""introduction_to_psychology/history_of_psychology""], ""pages"": [23, 24, 53, 296, 297, 380, 381]}"
15,"[5.6 Gestalt Principles of Perception p.180-182] in predictable ways. Gestalt psychologists translated these predictable ways into principles by which we organize sensory information. As a result, Gestalt psychology has been extremely influential in | [1.2 History of Psychology p.24-24] as a whole is often what the individual responds to in perception. For example, a song may be made up of individual notes played by different instruments, but the real nature of the song is perceived  | [5.6 Gestalt Principles of Perception p.183-183] research is important, considering the number of very high-profile cases in the last few decades in which Black people were killed by people who claimed to believe that the unarmed individuals were ar | [5.6 Gestalt Principles of Perception p.182-183] of colors. We are grouping these dots according to the principle of similarity. Two additional Gestalt principles are the law of continuity (or good continuation) and closure. The law of continuity su | [10.1 Motivation p.338-339] the theories of motivation described earlier relate to basic biological drives, individual characteristics, or social contexts, Abraham Maslow (1943) proposed a hierarchy of needs that spans the spect","Gestalt principles are rules that explain how we organize sensory information into coherent percepts. They include the figure‑ground relationship, proximity, similarity, the law of continuity (good continuation), and closure. These principles help us group elements, perceive whole objects, and form perceptual hypotheses that guide our interpretation of the visual world.","{""sections"": [""sensation_and_perception/gestalt_principles_of_perception"", ""introduction_to_psychology/history_of_psychology"", ""emotion_and_motivation/motivation""], ""pages"": [24, 180, 181, 182, 183, 338, 339]}"
16,"[6.2 Classical Conditioning p.199-200] and anxiety in the dog. Fear and anxiety are the conditioned response. LINK TO LEARNING Watch this video clip from the television show, The Office, for a humorous look at conditioning (https://opensta | [6.2 Classical Conditioning p.195-195] FIGURE 6.2 In operant conditioning, a response is associated with a consequence. This dog has learned that certain behaviors result in receiving a treat. (credit: Crystal Rolfe) Observational learning | [6.2 Classical Conditioning p.197-198] doctor's office) serves to condition another stimulus (the syringe). It is hard to achieve anything above second-order conditioning. For example, if someone rang a bell every time Moisha received a sy | [6.1 What Is Learning? p.194-194] You will see that associative learning is central to all three basic learning processes discussed in this chapter; classical conditioning tends to involve unconscious processes, operant conditioning t | [6.2 Classical Conditioning p.196-197] Prior to conditioning, the dogs did not salivate when they just heard the tone because the tone had no association for the dogs. When Pavlov paired the tone with the meat powder over and over again, t","Classical conditioning is an associative learning process in which an organism learns to link two stimuli that occur together. A neutral stimulus is repeatedly paired with an unconditioned stimulus that naturally elicits an unconditioned response. After many pairings, the neutral stimulus becomes a conditioned stimulus that alone produces a conditioned response, mirroring the original reflex. This was famously demonstrated by Pavlov’s dogs, where a bell (neutral stimulus) became a conditioned stimulus that triggered salivation (conditioned response) after being paired with food (unconditioned stimulus).","{""sections"": [""learning/classical_conditioning"", ""learning/what_is_learning""], ""pages"": [194, 195, 196, 197, 198, 199, 200]}"
17,"[6.3 Operant Conditioning p.204-205] (either reinforcement or punishment) occurs soon after the response. TABLE 6.1 Psychologist B. F. Skinner saw that classical conditioning is limited to existing behaviors that are reflexively elicited | [6.3 Operant Conditioning p.207-208] shaping, behaviors are broken down into many small, achievable steps. The specific steps used in the process are the following: 1. Reinforce any response that resembles the desired behavior. 2. Then r | [6.3 Operant Conditioning p.206-206] the book. The result was a significant increase in reading comprehension (Fryer, 2010). What do you think about this program? If Skinner were alive today, he would probably think this was a great idea | [1.2 History of Psychology p.25-26] the box is able to deliver a positive reinforcement of the behavior (such as food) or a punishment (such as a noise). Skinner’s focus on positive and negative reinforcement of learned behaviors had a  | [2.1 Why Is Research Important? p.50-51] n.d.). FIGURE 2.3 (a) Margaret Floy Washburn was the first woman to earn a doctorate degree in psychology. (b) The outcome of Brown v. Board of Education was influenced by the research of psychologist","Skinner expanded behaviorism by developing operant conditioning, showing that behavior is shaped by its consequences. He built the Skinner box to study how reinforcement and punishment influence animal responses, and introduced the teaching machine to apply these principles to human learning. Skinner also formalized concepts such as positive and negative reinforcement, punishment, and shaping—breaking complex behaviors into successive approximations that are reinforced step by step. His work emphasized that behavior can be systematically modified through controlled environmental stimuli.","{""sections"": [""learning/operant_conditioning"", ""introduction_to_psychology/history_of_psychology"", ""psychological_research/why_is_research_important""], ""pages"": [25, 26, 50, 51, 204, 205, 206, 207, 208]}"
18,"[10.1 Motivation p.338-339] the theories of motivation described earlier relate to basic biological drives, individual characteristics, or social contexts, Abraham Maslow (1943) proposed a hierarchy of needs that spans the spect | [10.1 Motivation p.339-339] independence through nonviolent protest, on several occasions went on hunger strikes to protest a particular situation. People may starve themselves or otherwise put themselves in danger displaying hi | [11.5 Humanistic Approaches p.389-389] of that situation in their own way. Mischel’s approach to personality stresses the importance of both the situation and the way the person perceives the situation. Instead of behavior being determined | [1.2 History of Psychology p.26-27] human being. Beginning with Maslow and Rogers, there was an insistence on a humanistic research program. This program has been largely qualitative (not measurement-based), but there exist a number of  | [16.2 Types of Treatment p.620-621] person creates a hierarchy of anxiety, ranging from the least-anxiety-producing stimulus to the feared object. These activities are paired with relaxation techniques, which are taught to the client be","Maslow’s hierarchy of needs is a pyramid‑shaped model that arranges human needs in a specific order.  
At the base are physiological needs essential for survival, followed by safety and security needs.  
Next come belongingness and love needs, then esteem needs for self‑worth and confidence.  
The top tier is self‑actualization, the drive to realize one’s full potential, and some versions add a higher level of self‑transcendence.","{""sections"": [""emotion_and_motivation/motivation"", ""personality/humanistic_approaches"", ""introduction_to_psychology/history_of_psychology"", ""therapy_and_treatment/types_of_treatment""], ""pages"": [26, 27, 338, 339, 389, 620, 621]}"
19,"[16.2 Types of Treatment p.624-624] is happening now, and gives tools to manage these moods on a daily basis. (Martin, 2007, n.p.) Psychotherapy: Humanistic Therapy Humanistic psychology focuses on helping people achieve their potential | [1.2 History of Psychology p.26-27] human being. Beginning with Maslow and Rogers, there was an insistence on a humanistic research program. This program has been largely qualitative (not measurement-based), but there exist a number of  | [1.3 Contemporary Psychology p.37-37] perspectives that have been influential in shaping how clinicians interact with people seeking psychotherapy. While aspects of the psychoanalytic theory are still found among some of today’s therapist | [16.5 The Sociocultural Model and Therapy Utilization p.634-635] on individual decision making may be ineffective at helping a Chinese client with a collectivist approach to problem solving (Sue, 2004). Multicultural counseling and therapy aims to offer both a help | [Review Questions p.640-641] compulsive drug-seeking behaviors. Treatment usually includes behavioral therapy, which can take place individually or in a group setting. Treatment may also include medication. Sometimes a person has","Client‑centered therapy is a nondirective, humanistic approach developed by Carl Rogers. In this model the therapist offers unconditional positive regard, genuineness, and empathy while practicing active listening—acknowledging, restating, and clarifying what the client says. The client takes the lead in the session, focusing on present and future concerns rather than past experiences, and the therapist refrains from giving advice or interpretations. This approach aims to help clients become more self‑aware and capable of resolving their own issues.","{""sections"": [""therapy_and_treatment/types_of_treatment"", ""introduction_to_psychology/history_of_psychology"", ""introduction_to_psychology/contemporary_psychology"", ""therapy_and_treatment/the_sociocultural_model_and_therapy_utilization"", ""therapy_and_treatment/review_questions""], ""pages"": [26, 27, 37, 624, 634, 635, 640, 641]}"
20,"[Key Terms p.42-42] physical performance in sports, exercise, and other activities structuralism understanding the conscious experience through introspection Summary 1.1 What Is Psychology? Psychology is defined as the s | [Summary p.43-43] began to take hold. Humanism focuses on the potential of all people for good. Both Maslow and Rogers were influential in shaping humanistic psychology. During the 1950s, the landscape of psychology be | [Summary p.254-254] your judgment representative sample subset of the population that accurately represents the general population role schema set of expectations that define the behaviors of a person occupying a particu | [Introduction to Psychology p.646-646] payoffs (3rd ed.). JIST Publishing. Franko, D. L., et al. (2012). Racial/ethnic differences in adults in randomized clinical trials of binge eating disorder. Journal of Consulting and Clinical Psychol | [Summary p.450-450] Summary 12.1 What Is Social Psychology? Social psychology is the subfield of psychology that studies the power of the situation to influence individuals’ thoughts, feelings, and behaviors. Psychologis","Cognitive psychology is the branch of psychology that studies mental processes such as thinking, perception, memory, problem‑solving, and language. It examines how people acquire, store, retrieve, and use information, and how these processes influence behavior.","{""sections"": [""introduction_to_psychology/key_terms"", ""introduction_to_psychology/summary"", ""thinking_and_intelligence/summary"", ""references/introduction_to_psychology"", ""social_psychology/summary""], ""pages"": [42, 43, 254, 450, 646]}"
21,"[1.3 Contemporary Psychology p.32-33] psychology will be covered in relevant portions of the chapters in this text on sensation and perception, thinking and intelligence, memory, lifespan development, social psychology, and therapy. Devel | [9.2 Lifespan Theories p.296-297] the stages to understanding childhood cognition • Describe Kohlberg’s theory of moral development • Compare and contrast the strengths and weaknesses of major developmental theories There are many the | [9.1 What Is Lifespan Development? p.292-292] 9.1 What Is Lifespan Development? LEARNING OBJECTIVES By the end of this section, you will be able to: • Define and distinguish between the three domains of development: physical, cognitive and psycho | [1.3 Contemporary Psychology p.30-31] the Society of Indian Psychologists (SIP). Most of these groups are also dedicated to studying psychological and social issues within their specific communities. This section will provide an overview  | [Key Terms p.42-42] physical performance in sports, exercise, and other activities structuralism understanding the conscious experience through introspection Summary 1.1 What Is Psychology? Psychology is defined as the s","Developmental psychology is the scientific study of how people change and grow from conception through old age. It examines physical maturation as well as shifts in cognitive skills, moral reasoning, social behavior, and other psychological attributes. Researchers investigate these changes across three domains—physical, cognitive, and psychosocial—using methods such as observation, case studies, surveys, and experiments.","{""sections"": [""introduction_to_psychology/contemporary_psychology"", ""lifespan_development/lifespan_theories"", ""lifespan_development/what_is_lifespan_development"", ""introduction_to_psychology/key_terms""], ""pages"": [30, 31, 32, 33, 42, 292, 296, 297]}"
22,"[1.1 What Is Psychology? p.20-20] psychology has explored these questions. 1.1 What Is Psychology? LEARNING OBJECTIVES By the end of this section, you will be able to: • Define psychology • Understand the merits of an education in psy | [1.3 Contemporary Psychology p.30-31] the Society of Indian Psychologists (SIP). Most of these groups are also dedicated to studying psychological and social issues within their specific communities. This section will provide an overview  | [Personal Application Questions p.223-223] opposites. 21 . How does a neutral stimulus become a conditioned stimulus? 22 . What is a Skinner box and what is its purpose? 23 . What is the difference between negative reinforcement and punishment | [7.6 The Source of Intelligence p.249-250] a higher correlation between their IQ scores than siblings or fraternal twins raised together (Bouchard, Lykken, McGue, Segal, & Tellegen, 1990). The findings from this study reveal a genetic componen | [9.1 What Is Lifespan Development? p.293-294] in their education. For example, UNESCO estimates that nearly 244 million of the world's school- aged children still do not have access to school (Antoninis, 2022). To better understand the normative ","Biopsychology is the branch of psychology that investigates how biological factors—particularly the structure and function of the nervous system—affect behavior. It combines methods from psychology and physiology to study sensory and motor systems, sleep, drug use, ingestive behavior, reproductive behavior, neurodevelopment, plasticity, and the biological correlates of psychological disorders. This interdisciplinary field is often referred to as neuroscience, with biopsychology serving as one component.","{""sections"": [""introduction_to_psychology/what_is_psychology"", ""introduction_to_psychology/contemporary_psychology"", ""learning/personal_application_questions"", ""thinking_and_intelligence/the_source_of_intelligence"", ""lifespan_development/what_is_lifespan_development""], ""pages"": [20, 30, 31, 223, 249, 250, 293, 294]}"
23,"[1.3 Contemporary Psychology p.31-32] has its origins with Charles Darwin, the co- discoverer of the theory of evolution by natural selection. Darwin was well aware that behaviors should be adaptive and wrote books titled, The Descent of  | [1.3 Contemporary Psychology p.30-31] the Society of Indian Psychologists (SIP). Most of these groups are also dedicated to studying psychological and social issues within their specific communities. This section will provide an overview  | [3.1 Human Genetics p.85-86] variations in cognition and behavior would make individuals more or less successful in reproducing and passing those genes on to their offspring. Evolutionary psychologists study a variety of psycholo | [11.6 Biological Approaches p.390-390] culture we are raised in? Psychologists who favor the biological approach believe that inherited predispositions as well as physiological processes can be used to explain differences in our personalit | [11.6 Biological Approaches p.390-390] achievement of our fullest potential. Maslow differentiated between needs that motivate us to fulfill something that is missing and needs that inspire us to grow. He believed that many emotional and b","Evolutionary psychologists study human behavior through the lens of natural selection, focusing on traits that likely evolved as adaptations. They examine universal patterns—such as mate choice, fear responses, food preferences, and cooperation—that are thought to have provided survival or reproductive advantages. By predicting how behaviors should function in ancestral environments, they test whether observed behaviors match those evolutionary expectations, thereby exploring the genetic and adaptive roots of human psychology.","{""sections"": [""introduction_to_psychology/contemporary_psychology"", ""biopsychology/human_genetics"", ""personality/biological_approaches""], ""pages"": [30, 31, 32, 85, 86, 390]}"
24,"[5.1 Sensation versus Perception p.158-158] 5.1 Sensation versus Perception LEARNING OBJECTIVES By the end of this section, you will be able to: • Distinguish between sensation and perception • Describe the concepts of absolute threshold and di | [1.3 Contemporary Psychology p.32-32] general, the predictions were in line with the predictions of evolution, although there were deviations in some cultures. Sensation and Perception Scientists interested in both physiological aspects o | [Chapter 5 Sensation and Perception p.157-157] FIGURE 5.1 If you were standing in the midst of this street scene, you would be absorbing and processing numerous pieces of sensory input. (credit: modification of work by Cory Zanker) INTRODUCTION CH | [Chapter Outline p.157-157] FIGURE 5.1 If you were standing in the midst of this street scene, you would be absorbing and processing numerous pieces of sensory input. (credit: modification of work by Cory Zanker) INTRODUCTION CH | [5.1 Sensation versus Perception p.159-160] after watching television for a short while, you no longer notice the light flashing. The light is still flashing and filling your room with yellow light every few seconds, and the photoreceptors in y","Sensation is the process by which sensory receptors detect stimulus energy and convert it into neural signals (action potentials) that reach the central nervous system. Perception is the brain’s interpretation of those signals, creating a conscious experience of the world that is shaped by attention, prior knowledge, and cultural context. Thus, sensation provides the raw sensory input, while perception organizes and gives meaning to that input.","{""sections"": [""sensation_and_perception/sensation_versus_perception"", ""introduction_to_psychology/contemporary_psychology"", ""sensation_and_perception"", ""sensation_and_perception/chapter_outline""], ""pages"": [32, 157, 158, 159, 160]}"
25,"[5.1 Sensation versus Perception p.158-158] 5.1 Sensation versus Perception LEARNING OBJECTIVES By the end of this section, you will be able to: • Distinguish between sensation and perception • Describe the concepts of absolute threshold and di | [1.3 Contemporary Psychology p.32-32] general, the predictions were in line with the predictions of evolution, although there were deviations in some cultures. Sensation and Perception Scientists interested in both physiological aspects o | [Chapter 5 Sensation and Perception p.157-157] FIGURE 5.1 If you were standing in the midst of this street scene, you would be absorbing and processing numerous pieces of sensory input. (credit: modification of work by Cory Zanker) INTRODUCTION CH | [Chapter Outline p.157-157] FIGURE 5.1 If you were standing in the midst of this street scene, you would be absorbing and processing numerous pieces of sensory input. (credit: modification of work by Cory Zanker) INTRODUCTION CH | [5.1 Sensation versus Perception p.158-159] and respond to information outside of awareness. But this does not mean that we obey these messages like zombies; in fact, hidden messages have little effect on behavior outside the laboratory (Kunst-","Sensation is the initial detection of stimulus energy by specialized sensory receptors, converting physical energy into neural signals (transduction) and reaching an absolute threshold. Perception is the subsequent organization, interpretation, and conscious experience of those signals, involving both bottom‑up processing of sensory input and top‑down influences such as attention, expectations, and prior knowledge. Thus, sensation refers to the raw sensory input, while perception refers to how that input is interpreted and experienced.","{""sections"": [""sensation_and_perception/sensation_versus_perception"", ""introduction_to_psychology/contemporary_psychology"", ""sensation_and_perception"", ""sensation_and_perception/chapter_outline""], ""pages"": [32, 157, 158, 159]}"
26,"[1.3 Contemporary Psychology p.32-33] psychology will be covered in relevant portions of the chapters in this text on sensation and perception, thinking and intelligence, memory, lifespan development, social psychology, and therapy. Devel | [9.2 Lifespan Theories p.301-301] been removed or added. LINK TO LEARNING Watch this video of a boy in the preoperational stage responding to Piaget's conservation tasks (https://openstax.org/l/piaget2) to learn more. During this stag | [9.2 Lifespan Theories p.301-302] into the short, fat glass: You can pour water from the fat glass back to the thin glass and still have the same amount (minus a couple of drops). The fourth, and last, stage in Piaget’s theory is the  | [9.2 Lifespan Theories p.298-299] a sense of satisfaction or a sense of failure. People who feel proud of their accomplishments feel a sense of integrity, and they can look back on their lives with few regrets. However, people who are | [9.3 Stages of Development p.310-312] Development In addition to rapid physical growth, young children also exhibit significant development of their cognitive abilities. Piaget thought that children’s ability to understand objects—such as","Jean Piaget’s theory of cognitive development proposes that children progress through a series of distinct, age‑specific stages that reflect qualitative changes in thinking. The stages are preoperational (≈2–7 years), concrete operational (≈7–11 years), and formal operational (≈11 years to adulthood). In each stage children acquire new mental schemas and learn to assimilate and accommodate information; key developmental milestones include object permanence, egocentrism, conservation, and reversibility. Piaget argued that these stages are universal, discontinuous, and driven by the child’s active exploration of the environment.","{""sections"": [""introduction_to_psychology/contemporary_psychology"", ""lifespan_development/lifespan_theories"", ""lifespan_development/stages_of_development""], ""pages"": [32, 33, 298, 299, 301, 302, 310, 311, 312]}"
27,"[9.2 Lifespan Theories p.300-301] if something is out of sight, it still exists (Bogartz, Shinskey, & Schilling, 2000). According to Piaget, young infants do not remember an object after it has been removed from sight. Piaget studied  | [1.3 Contemporary Psychology p.32-33] psychology will be covered in relevant portions of the chapters in this text on sensation and perception, thinking and intelligence, memory, lifespan development, social psychology, and therapy. Devel | [7.3 Problem Solving p.238-238] about NASA engineers overcoming functional fixedness (https://openstax.org/l/ Apollo13) to learn more. Researchers have investigated whether functional fixedness is affected by culture. In one experim | [9.3 Stages of Development p.310-312] Development In addition to rapid physical growth, young children also exhibit significant development of their cognitive abilities. Piaget thought that children’s ability to understand objects—such as | [7.1 What Is Cognition? p.228-228] 7.3). FIGURE 7.3 (a) Our concept of snow is an example of a natural concept—one that we understand through direct observation and experience. (b) In contrast, artificial concepts are ones that we know","Object permanence is the understanding that physical objects continue to exist even when they are hidden from view. Piaget’s experiments showed that infants who have not yet developed this concept act as if a hidden toy no longer exists, whereas those who have developed it reach for the toy under a blanket. Children typically acquire object permanence by about eight months of age, allowing them to play games like hide‑and‑seek and to know that people who leave a room will return.","{""sections"": [""lifespan_development/lifespan_theories"", ""introduction_to_psychology/contemporary_psychology"", ""thinking_and_intelligence/problem_solving"", ""lifespan_development/stages_of_development"", ""thinking_and_intelligence/what_is_cognition""], ""pages"": [32, 33, 228, 238, 300, 301, 310, 311, 312]}"
28,"[3.2 Cells of the Nervous System p.94-95] the length of the axon is an electrical event, and movement of the neurotransmitter across the synaptic space represents the chemical portion of the process. However, there are some specialized connec | [3.2 Cells of the Nervous System p.95-95] condition. For example, Parkinson's disease, a progressive nervous system disorder, is associated with low levels of dopamine. Therefore, a common treatment strategy for Parkinson's disease involves u | [8.2 Parts of the Brain Involved with Memory p.269-269] from for years (Corkin, Amaral, González, Johnson, & Hyman, 1997). As a result, his declarative memory was significantly affected, and he could not form new semantic knowledge. He lost the ability to  | [3.2 Cells of the Nervous System p.91-92] chemical messengers of the nervous system. Axons range in length from a fraction of an inch to several feet. In some axons, glial cells form a fatty substance known as the myelin sheath, which coats t | [3.2 Cells of the Nervous System p.93-94] axon, raising the charge past the threshold of excitation and triggering a new influx of sodium ions. The action potential moves 3.2 • Cells of the Nervous System 81 all the way down the axon in this ","Neurotransmitters are the chemical messengers that carry signals across synapses, binding to specific receptors on adjacent neurons. Their activity shapes a wide range of psychological functions—including mood, cognition, arousal, and memory—by modulating neuronal firing patterns. Imbalances or altered signaling of neurotransmitters are linked to psychiatric disorders such as depression, schizophrenia, and Parkinson’s disease, and many psychotropic drugs (agonists, antagonists, reuptake inhibitors) are designed to correct these imbalances. Thus, neurotransmitters are central to both normal brain function and the treatment of mental health conditions.","{""sections"": [""biopsychology/cells_of_the_nervous_system"", ""memory/parts_of_the_brain_involved_with_memory""], ""pages"": [91, 92, 93, 94, 95, 269]}"
29,"[11.8 Cultural Understandings of Personality p.396-396] The HEXACO Traits Trait Example Aspects of Trait (H) Honesty-humility Sincerity, modesty, faithfulness (E) Emotionality Sentimentality, anxiety, sensitivity (X) Extraversion Sociability, talkativeness | [11.7 Trait Theorists p.394-395] middle ground, with its five factors referred to as the Big Five personality factors. It is the most popular theory in personality psychology today and the most accurate approximation of the basic per | [11.7 Trait Theorists p.395-395] between two extremes. In reality, most of us tend to lie somewhere midway along the continuum of each factor, rather than at polar ends. It’s important to note that the Big Five factors are relatively | [11.7 Trait Theorists p.392-394] Stressed TABLE 11.5 LINK TO LEARNING Take this assessment based on Cattell's 16PF questionnaire (https://openstax.org/l/cattell) to see which personality traits dominate your personality. Psychologist | [1.3 Contemporary Psychology p.33-34] contributed to early theories of personality. These early theorists attempted to explain how an individual’s personality develops from their given perspective. For example, Freud proposed that persona","The Big Five personality trait model, also called the Five‑Factor Model, posits that human personality can be described along five broad dimensions: openness to experience, conscientiousness, extraversion, agreeableness, and neuroticism. Each person scores somewhere on a continuum for each factor, and these traits are relatively stable across the lifespan. The model is widely accepted as the most accurate and parsimonious representation of personality differences, and it has been shown to apply across cultures, ages, and ethnicities.","{""sections"": [""personality/cultural_understandings_of_personality"", ""personality/trait_theorists"", ""introduction_to_psychology/contemporary_psychology""], ""pages"": [33, 34, 392, 393, 394, 395, 396]}"
30,"[15.1 What Are Psychological Disorders? p.548-548] 15.1 What Are Psychological Disorders? LEARNING OBJECTIVES By the end of this section, you will be able to: • Understand the problems inherent in defining the concept of psychological disorder • Descr | [15.1 What Are Psychological Disorders? p.548-549] attitudinal changes. Diagnosis, treatment, and support are all necessary, and all must be considered with respect and sensitivity to the extremely challenging nature of mental illness. While not every | [15.3 Perspectives on Psychological Disorders p.555-555] edition (ICD-10); however, efforts are now underway to develop a new edition (ICD-11) that, in conjunction with the changes in DSM-5, will help harmonize the two classification systems as much as poss | [15.1 What Are Psychological Disorders? p.551-551] breakdown of biological functions that govern various psychological processes, thus supporting contemporary neurobiological models of psychological disorders (Fabrega, 2007). The American Psychiatric  | [15.2 Diagnosing and Classifying Psychological Disorders p.552-552] Some believe that there is no essential criterion or set of criteria that can definitively distinguish all cases of disorder from nondisorder (Lilienfeld & Marino, 1999). In truth, no single approach ","Psychological disorders are syndromes characterized by clinically significant disturbances in cognition, emotion regulation, or behavior that reflect a dysfunction in the biological, psychological, or developmental processes underlying mental functioning. They are marked by atypical, negative, and often socially unacceptable thoughts, feelings, or behaviors that cause significant distress or functional impairment in social, occupational, or other important areas of life. The disorder must not simply be a culturally expected reaction to an event; it must represent a harmful dysfunction that is troubling to the individual and those around them.","{""sections"": [""psychological_disorders/what_are_psychological_disorders"", ""psychological_disorders/perspectives_on_psychological_disorders"", ""psychological_disorders/diagnosing_and_classifying_psychological_disorders""], ""pages"": [548, 549, 551, 552, 555]}"
31,"[15.2 Diagnosing and Classifying Psychological Disorders p.554-554] were listed in DSM-IV. The latest edition, DSM-5, includes revisions in the organization and naming of categories and in the diagnostic criteria for various disorders (Regier, Kuhl, & Kupfer, 2012), w | [1.1 What Is Psychology? p.20-20] psychology has explored these questions. 1.1 What Is Psychology? LEARNING OBJECTIVES By the end of this section, you will be able to: • Define psychology • Understand the merits of an education in psy | [11.9 Personality Assessment p.400-400] impulses, and desires onto the cards—by telling a story, interpreting an image, or completing a sentence. Many projective tests have undergone standardization procedures (for example, Exner, 2002) and | [15.2 Diagnosing and Classifying Psychological Disorders p.552-553] first edition of the DSM, published in 1952, classified psychological disorders according to a format developed by the U.S. Army during World War II (Clegg, 2012). In the years since, the DSM has unde | [11.2 Freud and the Psychodynamic Perspective p.375-376] Psychodynamic Perspective 363 remains hidden from us in our unconscious. The information in our unconscious affects our behavior, although we are unaware of it. According to Freud, our personality dev","The DSM‑5 is the most recent edition of the Diagnostic and Statistical Manual of Mental Disorders, published in 2013. It reorganizes and renames many diagnostic categories and updates criteria for specific disorders, such as removing the bereavement exclusion for major depressive disorder. The manual also stresses the importance of gender and cultural differences in symptom expression and has been criticized for potentially expanding diagnostic thresholds. It remains the primary reference for diagnosing mental disorders in clinical and research settings.","{""sections"": [""psychological_disorders/diagnosing_and_classifying_psychological_disorders"", ""introduction_to_psychology/what_is_psychology"", ""personality/personality_assessment"", ""personality/freud_and_the_psychodynamic_perspective""], ""pages"": [20, 375, 376, 400, 552, 553, 554]}"
32,"[2.4 Ethics p.73-74] the subjects of their experiments—the APA estimates that 90% of all animal research in psychology uses these species (American Psychological Association, n.d.). Because many basic processes in animals | [5.3 Vision p.168-169] rolling down the street, the “what pathway” identifies what the object is, and the “where/how pathway” identifies its location or movement in space. The Ethics of Research Using Animals David Hubel an | [2.1 Why Is Research Important? p.49-50] delays are signs of a developmental disorder, but Umberto's pediatrician does not; she sees indications of differences in Umberto's jaw and facial muscles. Hearing this, you do some internet searches, | [Personal Application Questions p.82-82] interest. What ethical considerations should be made with the study you proposed to ensure that your experiment would conform to the scientific community’s expectations of ethical research? Personal A | [1.3 Contemporary Psychology p.35-37] it can be argued not to cause harm and, in general, requiring informed consent of participants. 1.3 • Contemporary Psychology 23 FIGURE 1.14 Stanley Milgram’s research demonstrated just how far people","Ethics in psychological research ensures that both human participants and animal subjects are treated humanely, with protocols designed to minimize pain, distress, and unnecessary suffering. Institutional review boards (IRBs) for human studies and Institutional Animal Care and Use Committees (IACUCs) for animal studies provide oversight, requiring approval before any experiment can proceed. These safeguards protect the welfare of subjects, uphold scientific integrity, and maintain public trust in psychological research.","{""sections"": [""psychological_research/ethics"", ""sensation_and_perception/vision"", ""psychological_research/why_is_research_important"", ""psychological_research/personal_application_questions"", ""introduction_to_psychology/contemporary_psychology""], ""pages"": [35, 36, 37, 49, 50, 73, 74, 82, 168, 169]}"
33,"[1.2 History of Psychology p.27-28] whole, and as a conscious and self-aware being. By the 1950s, new disciplinary perspectives in linguistics, neuroscience, and computer science were emerging, and these areas revived interest in the mi | [1.2 History of Psychology p.26-27] human being. Beginning with Maslow and Rogers, there was an insistence on a humanistic research program. This program has been largely qualitative (not measurement-based), but there exist a number of  | [16.2 Types of Treatment p.622-623] feelings of distress. The idea behind cognitive therapy is that how you think determines how you feel and act. Cognitive therapists help their clients change dysfunctional thoughts in order to relieve | [1.3 Contemporary Psychology p.32-32] general, the predictions were in line with the predictions of evolution, although there were deviations in some cultures. Sensation and Perception Scientists interested in both physiological aspects o | [1.2 History of Psychology p.25-26] the box is able to deliver a positive reinforcement of the behavior (such as food) or a punishment (such as a noise). Skinner’s focus on positive and negative reinforcement of learned behaviors had a ","The cognitive revolution was a mid‑20th‑century shift in psychology that moved the focus from observable behavior to the mental processes that underlie it. It was driven by new insights from linguistics, neuroscience, and computer science, and it revived scientific interest in the mind. This interdisciplinary movement led to the development of cognitive psychology, which studies thoughts, memory, language, and problem‑solving, and it helped re‑establish communication between American and European psychologists.","{""sections"": [""introduction_to_psychology/history_of_psychology"", ""therapy_and_treatment/types_of_treatment"", ""introduction_to_psychology/contemporary_psychology""], ""pages"": [25, 26, 27, 28, 32, 622, 623]}"
34,"[1.2 History of Psychology p.28-28] meaning that few women were able to practice psychology, so they had little influence on what was studied. In addition, the experimental subjects of psychology were mostly men, which resulted from und | [1.1 What Is Psychology? p.20-20] under the auspices of philosophy. Given that any behavior is, at its roots, biological, some areas of psychology take on aspects of a natural science like biology. No biological organism exists in iso | [Key Terms p.42-42] physical performance in sports, exercise, and other activities structuralism understanding the conscious experience through introspection Summary 1.1 What Is Psychology? Psychology is defined as the s | [12.1 What Is Social Psychology? p.417-417] poverty ignores situational factors that impact them, such as high unemployment rates, recession, poor educational opportunities, and the familial cycle of poverty (Figure 12.7). Other research shows  | [13.1 What Is Industrial and Organizational Psychology? p.465-465] and organizational psychology became areas of significant research effort. Concerns about the fairness of employment tests arose, and the ethnic and gender biases in various tests were evaluated with ","Feminist psychology is an approach that critiques the male bias historically present in psychological research and theory. It seeks to re‑evaluate and highlight the contributions of women to the discipline, study gender differences, and question how cultural assumptions shape scientific knowledge about women. The goal is to develop theories and methods that are free from male cultural biases and more inclusive of diverse perspectives.","{""sections"": [""introduction_to_psychology/history_of_psychology"", ""introduction_to_psychology/what_is_psychology"", ""introduction_to_psychology/key_terms"", ""social_psychology/what_is_social_psychology"", ""industrialorganizational_psychology/what_is_industrial_and_organizational_psychology""], ""pages"": [20, 28, 42, 417, 465]}"
35,"[11.9 Personality Assessment p.401-402] Personality Assessment 389 The TEMAS Multicultural Thematic Apperception Test is another tool designed to be culturally relevant to minority groups, especially Hispanic youths. TEMAS—standing for “Tel | [16.5 The Sociocultural Model and Therapy Utilization p.634-635] on individual decision making may be ineffective at helping a Chinese client with a collectivist approach to problem solving (Sue, 2004). Multicultural counseling and therapy aims to offer both a help | [1.2 History of Psychology p.28-28] meaning that few women were able to practice psychology, so they had little influence on what was studied. In addition, the experimental subjects of psychology were mostly men, which resulted from und | [Key Terms p.42-42] physical performance in sports, exercise, and other activities structuralism understanding the conscious experience through introspection Summary 1.1 What Is Psychology? Psychology is defined as the s | [12.1 What Is Social Psychology? p.417-417] poverty ignores situational factors that impact them, such as high unemployment rates, recession, poor educational opportunities, and the familial cycle of poverty (Figure 12.7). Other research shows ","Multicultural psychology examines how culture shapes individuals, groups, and society. It seeks to correct the over‑study of WEIRD (Western, educated, industrialized, rich, democratic) populations and the inappropriate application of those findings to non‑WEIRD groups. Researchers in this field develop theories and conduct studies with diverse, often under‑represented, populations—sometimes within a single country or by comparing groups across countries—to understand cultural differences in perception, cooperation, moral reasoning, and other psychological processes.","{""sections"": [""personality/personality_assessment"", ""therapy_and_treatment/the_sociocultural_model_and_therapy_utilization"", ""introduction_to_psychology/history_of_psychology"", ""introduction_to_psychology/key_terms"", ""social_psychology/what_is_social_psychology""], ""pages"": [28, 42, 401, 402, 417, 634, 635]}"
36,"[11.9 Personality Assessment p.398-398] individualism (Oyserman, Coon, & Kemmelmier, 2002). People who live in collectivist cultures value social harmony, respectfulness, and group needs over individual needs. Individuals who live in countr | [16.5 The Sociocultural Model and Therapy Utilization p.634-635] on individual decision making may be ineffective at helping a Chinese client with a collectivist approach to problem solving (Sue, 2004). Multicultural counseling and therapy aims to offer both a help | [Review Questions p.255-256] 7.6 The Source of Intelligence Genetics and environment affect intelligence and the challenges of certain learning disabilities. The intelligence levels of all individuals seem to benefit from rich st | [1.2 History of Psychology p.28-28] meaning that few women were able to practice psychology, so they had little influence on what was studied. In addition, the experimental subjects of psychology were mostly men, which resulted from und | [11.9 Personality Assessment p.401-402] Personality Assessment 389 The TEMAS Multicultural Thematic Apperception Test is another tool designed to be culturally relevant to minority groups, especially Hispanic youths. TEMAS—standing for “Tel","Cross‑cultural psychology is challenged by the fact that many theories and assessment tools were created in Western contexts and may not be valid elsewhere.  Studies often rely on WEIRD samples, leading to over‑generalization and misapplication of findings to non‑Western populations.  Researchers must account for culture‑specific constructs, values such as collectivism versus individualism, and differences in language and norms, and they need to use culturally appropriate instruments or combined approaches to reduce bias.","{""sections"": [""personality/personality_assessment"", ""therapy_and_treatment/the_sociocultural_model_and_therapy_utilization"", ""thinking_and_intelligence/review_questions"", ""introduction_to_psychology/history_of_psychology""], ""pages"": [28, 255, 256, 398, 401, 402, 634, 635]}"
37,"[14.1 What Is Stress? p.496-496] 14.1 What Is Stress? LEARNING OBJECTIVES By the end of this section, you will be able to: • Differentiate between stimulus-based and response-based definitions of stress • Define stress as a process • | [14.1 What Is Stress? p.498-499] interpreted and the meanings they are assigned. In short, stress is largely in the eye of the beholder: it’s not so much what happens to you as it is how you respond (Selye, 1976). Good Stress? Althou | [14.1 What Is Stress? p.499-500] feeling very stressed about a test, negative emotions combined with physical symptoms may make concentration difficult, thereby negatively affecting test scores. FIGURE 14.4 As the stress level increa | [14.4 Regulation of Stress p.524-524] sensitivity in already-sensitive pain pathways in tension headache sufferers (Cathcart, Petkov, & Pritchard, 2008). 14.4 Regulation of Stress LEARNING OBJECTIVES By the end of this section, you will b | [13.1 What Is Industrial and Organizational Psychology? p.465-465] and organizational psychology became areas of significant research effort. Concerns about the fairness of employment tests arose, and the ethnic and gender biases in various tests were evaluated with ","In psychology, stress is best understood as a process in which an individual perceives an event or situation as overwhelming or threatening and then responds to that appraisal. It involves physiological, cognitive, and behavioral reactions that can be positive (eustress) or negative (distress). Researchers distinguish stimulus‑based definitions that focus on the event itself and response‑based definitions that focus on bodily reactions, but the process view emphasizes the role of personal appraisal in shaping the stress response.","{""sections"": [""stress_lifestyle_and_health/what_is_stress"", ""stress_lifestyle_and_health/regulation_of_stress"", ""industrialorganizational_psychology/what_is_industrial_and_organizational_psychology""], ""pages"": [465, 496, 498, 499, 500, 524]}"
38,"[9.2 Lifespan Theories p.296-297] the stages to understanding childhood cognition • Describe Kohlberg’s theory of moral development • Compare and contrast the strengths and weaknesses of major developmental theories There are many the | [11.2 Freud and the Psychodynamic Perspective p.378-378] to get it fixed, you just turn up the radio so that you no longer hear the strange noise. Eventually you forget about it. Similarly, in the human psyche, if a memory is too overwhelming to deal with,  | [1.3 Contemporary Psychology p.33-34] contributed to early theories of personality. These early theorists attempted to explain how an individual’s personality develops from their given perspective. For example, Freud proposed that persona | [11.3 Neo-Freudians: Adler, Erikson, Jung, and Horney p.380-380] puberty). This period is not considered a stage, because sexual feelings are dormant as children focus on other pursuits, such as school, friendships, hobbies, and sports. Children generally engage in | [9.3 Stages of Development p.319-320] incidences of depression or anxiety symptoms when compared to control groups, while those who are not supported exhibit more symptoms and risk factors (Olson, Durwood, & McLaughlin, 2016). Expression ","Freud’s psychosexual theory proposes five sequential stages that occur during early childhood:

1. **Oral** (birth–1 year) – pleasure centers on the mouth.  
2. **Anal** (1–3 years) – focus shifts to the anus during toilet training.  
3. **Phallic** (3–6 years) – interest moves to the genitals, involving the Oedipus/Electra complex.  
4. **Latency** (6–12 years) – a period of relative calm with no major conflict.  
5. **Genital** (puberty onward) – mature sexual interests and relationships develop.","{""sections"": [""lifespan_development/lifespan_theories"", ""personality/freud_and_the_psychodynamic_perspective"", ""introduction_to_psychology/contemporary_psychology"", ""personality/neofreudians_adler_erikson_jung_and_horney"", ""lifespan_development/stages_of_development""], ""pages"": [33, 34, 296, 297, 319, 320, 378, 380]}"
39,"[2.3 Analyzing Findings p.68-69] also look for flaws in the study's design, methods, and statistical analyses. They check that the conclusions drawn by the authors seem reasonable given the observations made during the research. Peer | [Personal Application Questions p.82-82] interest. What ethical considerations should be made with the study you proposed to ensure that your experiment would conform to the scientific community’s expectations of ethical research? Personal A | [2.1 Why Is Research Important? p.49-50] delays are signs of a developmental disorder, but Umberto's pediatrician does not; she sees indications of differences in Umberto's jaw and facial muscles. Hearing this, you do some internet searches, | [2.2 Approaches to Research p.53-54] and archival research • Compare longitudinal and cross-sectional approaches to research • Compare and contrast correlation and causation 2.2 • Approaches to Research 41 There are many research methods | [Critical Thinking Questions p.81-81] d. ethics Critical Thinking Questions 25 . In this section, there was a discussion about researchers arriving at different conclusions about the use of technology in certain student populations, with ","Replication allows other researchers to repeat an experiment with different samples, confirming whether the original findings hold true and assessing their reliability. Each successful replication adds evidence that supports the study’s conclusions, making scientists more likely to accept and build on those results. Conversely, repeated failures to replicate a finding raise doubts about its validity and can prompt further investigation or re‑evaluation of the original study. Thus, replication is a key mechanism for verifying, refining, and advancing psychological knowledge.","{""sections"": [""psychological_research/analyzing_findings"", ""psychological_research/personal_application_questions"", ""psychological_research/why_is_research_important"", ""psychological_research/approaches_to_research"", ""psychological_research/critical_thinking_questions""], ""pages"": [49, 50, 53, 54, 68, 69, 81, 82]}"
40,"[16.2 Types of Treatment p.624-625] better. Psychotherapy can help reduce a person’s anxiety, depression, and maladaptive behaviors. Through psychotherapy, individuals can learn to engage in healthy behaviors designed to help them bette | [Chapter Outline p.609-609] FIGURE 16.1 Many forms of therapy have been developed to treat a wide array of problems. These marines who served in Iraq and Afghanistan, together with community mental health volunteers, are part of | [Chapter 16 Therapy and Treatment p.609-609] FIGURE 16.1 Many forms of therapy have been developed to treat a wide array of problems. These marines who served in Iraq and Afghanistan, together with community mental health volunteers, are part of | [16.2 Types of Treatment p.616-617] modern practice, it has evolved into what is known as psychodynamic therapy, which will be discussed later. Biomedical therapy involves medication and/or medical procedures to treat psychological diso | [3.2 Cells of the Nervous System p.94-95] the length of the axon is an electrical event, and movement of the neurotransmitter across the synaptic space represents the chemical portion of the process. However, there are some specialized connec","Psychological therapies include several major orientations: psychoanalysis (the earliest form, based on unconscious conflict), psychodynamic therapy (focused on childhood and unconscious processes), behavior therapy (applying learning principles to change behaviors), cognitive therapy (targeting maladaptive thought patterns), cognitive‑behavioral therapy (combining cognitive and behavioral techniques), humanistic therapy (emphasizing self‑awareness and acceptance), and play therapy (using toys and activities, especially with children). These approaches are often grouped under broader categories such as CBT, psychodynamic, and humanistic therapies.","{""sections"": [""therapy_and_treatment/types_of_treatment"", ""therapy_and_treatment/chapter_outline"", ""therapy_and_treatment"", ""biopsychology/cells_of_the_nervous_system""], ""pages"": [94, 95, 609, 616, 617, 624, 625]}"
41,"[3.2 Cells of the Nervous System p.94-95] the length of the axon is an electrical event, and movement of the neurotransmitter across the synaptic space represents the chemical portion of the process. However, there are some specialized connec | [3.2 Cells of the Nervous System p.95-95] condition. For example, Parkinson's disease, a progressive nervous system disorder, is associated with low levels of dopamine. Therefore, a common treatment strategy for Parkinson's disease involves u | [8.2 Parts of the Brain Involved with Memory p.269-269] from for years (Corkin, Amaral, González, Johnson, & Hyman, 1997). As a result, his declarative memory was significantly affected, and he could not form new semantic knowledge. He lost the ability to  | [3.2 Cells of the Nervous System p.91-92] chemical messengers of the nervous system. Axons range in length from a fraction of an inch to several feet. In some axons, glial cells form a fatty substance known as the myelin sheath, which coats t | [3.2 Cells of the Nervous System p.93-94] axon, raising the charge past the threshold of excitation and triggering a new influx of sodium ions. The action potential moves 3.2 • Cells of the Nervous System 81 all the way down the axon in this ","Neurotransmitters regulate the chemical signals that allow neurons to communicate, and their balance is crucial for normal mental functioning.  Imbalances in systems such as dopamine, serotonin, and norepinephrine are linked to disorders like depression, schizophrenia, and Parkinson’s disease.  Psychotropic medications—agonists, antagonists, and reuptake inhibitors—are designed to restore or modulate these neurotransmitter levels, thereby alleviating symptoms.  Because neurotransmitter activity underlies the transmission of emotional and cognitive information, maintaining their proper balance is essential for mental health.","{""sections"": [""biopsychology/cells_of_the_nervous_system"", ""memory/parts_of_the_brain_involved_with_memory""], ""pages"": [91, 92, 93, 94, 95, 269]}"
42,"[13.1 What Is Industrial and Organizational Psychology? p.459-461] psychologists formally formed the group in 2012 and have approximately 300 members worldwide. Although this is a small number, the group continues to expand. The 13.1 • What Is Industrial and Organiza | [1.3 Contemporary Psychology p.35-37] it can be argued not to cause harm and, in general, requiring informed consent of participants. 1.3 • Contemporary Psychology 23 FIGURE 1.14 Stanley Milgram’s research demonstrated just how far people | [11.3 Neo-Freudians: Adler, Erikson, Jung, and Horney p.382-383] Carl Jung (Figure 11.9) was a Swiss psychiatrist and protégé of Freud, who later split off from Freud and developed his own theory, which he called analytical psychology. The focus of analytical psych | [13.1 What Is Industrial and Organizational Psychology? p.458-458] 13.1 What Is Industrial and Organizational Psychology? LEARNING OBJECTIVES By the end of this section, you will be able to: • Understand the scope of study in the field of industrial and organizationa | [Personal Application Questions p.46-46] b. bachelor’s c. master’s d. doctoral Critical Thinking Questions 16 . Why do you think psychology courses like this one are often requirements of so many different programs of study? 17 . Why do you ","Industrial‑organizational psychology focuses on several core themes:  

1. **Personnel selection and assessment**—describing job requirements, evaluating candidates, and ensuring legal compliance.  
2. **Training, development, and performance management**—designing programs to improve skills and measuring outcomes.  
3. **Workplace motivation, satisfaction, and culture**—studying how relationships, leadership, and organizational norms affect employee well‑being and productivity.  
4. **Human factors and ergonomics**—optimizing the design of tools, workstations, and information displays for safety and efficiency.  
5. **Legal and ethical issues**—addressing discrimination, harassment, and workplace violence.  

Humanitarian work psychology is an additional applied area that seeks to help underserved populations develop lasting skills.","{""sections"": [""industrialorganizational_psychology/what_is_industrial_and_organizational_psychology"", ""introduction_to_psychology/contemporary_psychology"", ""personality/neofreudians_adler_erikson_jung_and_horney"", ""introduction_to_psychology/personal_application_questions""], ""pages"": [35, 36, 37, 46, 382, 383, 458, 459, 460, 461]}"
43,"[12.2 Self-presentation p.418-419] 12.8 Being a student is just one of the many social roles you have. (credit: modification of work by “Rural Institute”/Flickr) Social roles, and our related behavior, can vary across different setting | [12.2 Self-presentation p.418-418] 12.2 Self-presentation LEARNING OBJECTIVES By the end of this section, you will be able to: • Describe social roles and how they influence behavior • Explain what social norms are and how they influen | [Review Questions p.604-605] are impulsive, deceitful, irresponsible, and unburdened by any sense of guilt. Genetic factors and socialization both appear to be important in the origin of antisocial personality disorder. Research  | [12.4 Conformity, Compliance, and Obedience p.427-428] technique would be applied to an individual in the market for a used car who decides to buy a fully loaded new car. Why? Because the salesperson convinced the buyer that they need a car that has all o | [Critical Thinking Questions p.46-46] b. bachelor’s c. master’s d. doctoral Critical Thinking Questions 16 . Why do you think psychology courses like this one are often requirements of so many different programs of study? 17 . Why do you ","Social norms are the shared cultural expectations that define what is considered appropriate and acceptable behavior for members of a group. They provide cues that people use to guide their actions, thoughts, and even attire in specific roles. By establishing what is expected in settings such as school, work, or family, social norms shape and often dictate how individuals behave.","{""sections"": [""social_psychology/selfpresentation"", ""psychological_disorders/review_questions"", ""social_psychology/conformity_compliance_and_obedience"", ""introduction_to_psychology/critical_thinking_questions""], ""pages"": [46, 418, 419, 427, 428, 604, 605]}"
44,"[12.5 Prejudice and Discrimination p.435-436] 2005; Nelson, 2004). We cannot possibly know each individual person of advanced age to know that all older adults are slow and incompetent. Therefore, this negative belief is overgeneralized to all me | [12.5 Prejudice and Discrimination p.436-436] Prejudice Affective; feelings about people, both positive and negative Feelings may influence treatment of others, leading to discrimination. “I hate Yankees fans; they make me angry.” Discrimination  | [12.5 Prejudice and Discrimination p.435-435] of Trayvon Martin, humans are very diverse and although we share many similarities, we also have many differences. The social groups we belong to help form our identities (Tajfel, 1974). These differe | [12.5 Prejudice and Discrimination p.439-439] seemed cold and distant, and the employer will conclude, based on the applicant’s poor performance during the interview, that the applicant was in fact incompetent. Thus, the employer’s stereotype—gay | [12.5 Prejudice and Discrimination p.438-439] and Discrimination Exist? Prejudice and discrimination persist in society due to social learning and conformity to social norms. Children 426 12 • Social Psychology learn prejudiced attitudes and beli","Prejudice is a negative attitude or feeling toward a person or group based solely on group membership.  
Discrimination is the negative behavior or action toward an individual that results from holding such prejudiced attitudes.  
Thus, prejudice is an internal judgment, while discrimination is the external treatment that follows.","{""sections"": [""social_psychology/prejudice_and_discrimination""], ""pages"": [435, 436, 438, 439]}"
45,"[1.2 History of Psychology p.28-29] typically within one country. Cross-cultural DIG DEEPER 16 1 • Introduction to Psychology psychologists compare populations across countries, such as participants from the United States compared to pa | [7.6 The Source of Intelligence p.251-251] of the nation (Taylor, 1992). However, Jensen’s ideas were not solitary or unique; rather, they represented one of many examples of psychologists asserting racial differences in IQ and cognitive abili | [7.5 Measures of Intelligence p.244-245] among the first to describe this trend, the Flynn effect refers to the observation that each generation has a significantly higher IQ than the last. Flynn himself argues, however, that increased IQ sc | [2.1 Why Is Research Important? p.49-50] delays are signs of a developmental disorder, but Umberto's pediatrician does not; she sees indications of differences in Umberto's jaw and facial muscles. Hearing this, you do some internet searches, | [2.3 Analyzing Findings p.63-64] something for the first time, such as experimenting with a new hair style or a new food. However, in the scientific context, an experiment has precise requirements for design and implementation. The E","The research demonstrated that segregated schooling harmed African‑American children psychologically, showing internalized racism and lower self‑esteem in studies such as the doll‑preference experiments. It provided empirical evidence that segregation produced unequal educational opportunities and detrimental effects on children’s development. This evidence was used by the Supreme Court to rule that segregation of public schools was unconstitutional in the Brown v. Board of Education decision.","{""sections"": [""introduction_to_psychology/history_of_psychology"", ""thinking_and_intelligence/the_source_of_intelligence"", ""thinking_and_intelligence/measures_of_intelligence"", ""psychological_research/why_is_research_important"", ""psychological_research/analyzing_findings""], ""pages"": [28, 29, 49, 50, 63, 64, 244, 245, 251]}"
46,"[2.1 Why Is Research Important? p.52-52] are closely associated with inductive processes as researchers gather massive amounts of observations and seek interesting patterns (new ideas) in the data. Experimental research, on the other hand, p | [1.1 What Is Psychology? p.20-20] psychology has explored these questions. 1.1 What Is Psychology? LEARNING OBJECTIVES By the end of this section, you will be able to: • Define psychology • Understand the merits of an education in psy | [2.3 Analyzing Findings p.63-64] something for the first time, such as experimenting with a new hair style or a new food. However, in the scientific context, an experiment has precise requirements for design and implementation. The E | [2.1 Why Is Research Important? p.51-52] ideas are tested in the real world; in inductive reasoning, real-world observations lead to new ideas (Figure 2.4). These processes are inseparable, like inhaling and exhaling, but different research  | [2.2 Approaches to Research p.53-53] feeling of fear. A hypothesis that could be derived from this theory might be that a person who is unaware of the physiological arousal that the sight of the snake elicits will not feel fear. A scient","The scientific process of hypothesis testing begins with a theory that proposes a broad explanation of a phenomenon. From that theory, researchers formulate a specific, testable hypothesis—often an if‑then statement. They then design an experiment or observation that isolates the variable of interest, using an experimental and a control group when appropriate. The data collected are analyzed; if the results are consistent with the hypothesis, the hypothesis (and the underlying theory) is supported, otherwise the hypothesis is rejected or revised and new hypotheses are generated. This iterative cycle refines theories and advances scientific knowledge.","{""sections"": [""psychological_research/why_is_research_important"", ""introduction_to_psychology/what_is_psychology"", ""psychological_research/analyzing_findings"", ""psychological_research/approaches_to_research""], ""pages"": [20, 51, 52, 53, 63, 64]}"
47,"[1.1 What Is Psychology? p.20-20] under the auspices of philosophy. Given that any behavior is, at its roots, biological, some areas of psychology take on aspects of a natural science like biology. No biological organism exists in iso | [1.2 History of Psychology p.21-21] information—assessing its reliability and usefulness— is an important skill in a world full of competing “facts,” many of which are designed to be misleading. For example, critical thinking involves m | [2.1 Why Is Research Important? p.49-50] delays are signs of a developmental disorder, but Umberto's pediatrician does not; she sees indications of differences in Umberto's jaw and facial muscles. Hearing this, you do some internet searches, | [1.4 Careers in Psychology p.40-41] psychology is a lengthy process, usually taking between 5–6 years of graduate study (DeAngelis, 2010), there are a number of careers that can be attained with a master’s degree in psychology. People w | [1.3 Contemporary Psychology p.30-30] 1.3 Contemporary Psychology LEARNING OBJECTIVES By the end of this section, you will be able to: • Appreciate the diversity of interests and foci within psychology • Understand basic interests and app","Psychology is applied in education through several professional roles and functions.  School psychologists use psychological assessment and intervention to support student learning and well‑being.  Educators and instructional specialists draw on psychological principles to design curricula, develop effective teaching strategies, and promote critical‑thinking skills.  Additionally, psychology graduates often work in educational settings as case managers, counselors, or program evaluators, helping schools address student behavior, learning challenges, and organizational needs.","{""sections"": [""introduction_to_psychology/what_is_psychology"", ""introduction_to_psychology/history_of_psychology"", ""psychological_research/why_is_research_important"", ""introduction_to_psychology/careers_in_psychology"", ""introduction_to_psychology/contemporary_psychology""], ""pages"": [20, 21, 30, 40, 41, 49, 50]}"
48,"[15.7 Mood and Related Disorders p.570-571] episode • Understand genetic, biological, and psychological explanations of major depressive disorder • Discuss the relationship between mood disorders and suicidal ideation, as well as factors associ | [16.5 The Sociocultural Model and Therapy Utilization p.634-634] Comorbid Disorders Frequently, a person with an addiction to drugs and/or alcohol has an additional psychological disorder. Saying a person has comorbid disorders means the individual has two or more  | [15.7 Mood and Related Disorders p.571-572] disorders are a group of disorders in which mania is the defining feature. Mania is a state of extreme elation and agitation. When people experience mania, they may become extremely talkative, behave  | [Chapter 15 Psychological Disorders p.547-547] FIGURE 15.1 A wreath is laid in memoriam to victims of the Washington Navy Yard shooting. (credit: modification of work by D. Myles Cullen, US Department of Defense) INTRODUCTION CHAPTER OUTLINE 15.1  | [Chapter Outline p.547-547] FIGURE 15.1 A wreath is laid in memoriam to victims of the Washington Navy Yard shooting. (credit: modification of work by D. Myles Cullen, US Department of Defense) INTRODUCTION CHAPTER OUTLINE 15.1 ",Not found in the provided textbook.,"{""sections"": [""psychological_disorders/mood_and_related_disorders"", ""therapy_and_treatment/the_sociocultural_model_and_therapy_utilization"", ""psychological_disorders"", ""psychological_disorders/chapter_outline""], ""pages"": [547, 570, 571, 572, 634]}"
49,"[16.5 The Sociocultural Model and Therapy Utilization p.634-635] on individual decision making may be ineffective at helping a Chinese client with a collectivist approach to problem solving (Sue, 2004). Multicultural counseling and therapy aims to offer both a help | [1.3 Contemporary Psychology p.30-30] 1.3 Contemporary Psychology LEARNING OBJECTIVES By the end of this section, you will be able to: • Appreciate the diversity of interests and foci within psychology • Understand basic interests and app | [13.3 Organizational Psychology: The Social Dimension of Work p.484-484] team; these studies examine how groups of geographically disparate people brought together using digital communications technology function (Powell, Piccoli, & Ives, 2004). Even before the COVID-19 pa | [11.9 Personality Assessment p.398-398] individualism (Oyserman, Coon, & Kemmelmier, 2002). People who live in collectivist cultures value social harmony, respectfulness, and group needs over individual needs. Individuals who live in countr | [Personal Application Questions p.82-82] interest. What ethical considerations should be made with the study you proposed to ensure that your experiment would conform to the scientific community’s expectations of ethical research? Personal A","Cultural diversity shapes psychological research by highlighting the need for culturally sensitive theories, methods, and interventions. Studies show that Western‑based models (e.g., the Big Five) can be applied across many cultures, yet they also reveal culturally specific traits and norms that require indigenous or combined approaches to avoid bias. Researchers must consider language, values, and social context when designing assessments and interpreting data, as cultural factors influence both the prevalence of disorders and help‑seeking behaviors. Consequently, psychological research increasingly incorporates diverse populations, adapts measurement tools, and addresses systemic barriers to ensure findings are valid and applicable across cultural groups.","{""sections"": [""therapy_and_treatment/the_sociocultural_model_and_therapy_utilization"", ""introduction_to_psychology/contemporary_psychology"", ""industrialorganizational_psychology/organizational_psychology_the_social_dimension_of_work"", ""personality/personality_assessment"", ""psychological_research/personal_application_questions""], ""pages"": [30, 82, 398, 484, 634, 635]}"
50,"[1.2 History of Psychology p.21-21] information—assessing its reliability and usefulness— is an important skill in a world full of competing “facts,” many of which are designed to be misleading. For example, critical thinking involves m | [Critical Thinking Questions p.46-46] b. bachelor’s c. master’s d. doctoral Critical Thinking Questions 16 . Why do you think psychology courses like this one are often requirements of so many different programs of study? 17 . Why do you  | [Personal Application Questions p.46-46] b. bachelor’s c. master’s d. doctoral Critical Thinking Questions 16 . Why do you think psychology courses like this one are often requirements of so many different programs of study? 17 . Why do you  | [Critical Thinking Questions p.493-493] b. teams never fail c. teams lead to greater job satisfaction d. teams boost productivity 11 . Which of the following is the most strongly predictive factor of overall job satisfaction? a. financial r | [Chapter Outline p.225-225] FIGURE 7.1 Thinking is an important part of our human experience, and one that has captivated people for centuries. Today, it is one area of psychological study. The 19th-century Girl with a Book by J","Critical thinking in psychology trains students to assess the reliability and usefulness of information, fostering skepticism, bias awareness, logical reasoning, and careful observation. It enhances scientific literacy and communication skills, enabling students to evaluate diverse sources and understand how biology, environment, and experience shape behavior. By applying these skills, psychology students learn to critically examine evidence and theories across the discipline.","{""sections"": [""introduction_to_psychology/history_of_psychology"", ""introduction_to_psychology/critical_thinking_questions"", ""introduction_to_psychology/personal_application_questions"", ""industrialorganizational_psychology/critical_thinking_questions"", ""thinking_and_intelligence/chapter_outline""], ""pages"": [21, 46, 225, 493]}"
