question_id,question,answer_type,generated_answer,best_individual_chunk_num,best_individual_chunk_id,best_individual_entailment,best_individual_label,top2_chunk_numbers,top2_entailment,top2_neutral,top2_contradiction,top2_predicted_label,top3_required,top3_chunk_numbers,top3_entailment,top3_neutral,top3_contradiction,top3_predicted_label,final_verdict,final_label,total_nli_time_sec,total_wall_time_sec
1,What is the scientific method in psychology?,GENERATED_ANSWER,"The scientific method in psychology is an empirical, cyclical process that begins with a theory—a broad, evidence‑based explanation of a phenomenon. From that theory a testable, often “if‑then” hypothesis is derived. Researchers then design experiments or observational studies to collect measurable data, analyze the results, and publish them so others can replicate or challenge the findings. Consistent results support the theory, while inconsistencies prompt revision or new hypotheses, making the method self‑correcting and iterative.",3,psychological_research_why_is_research_important_chunk_6,0.348,neutral,"[1, 3]",0.914,0.0849,0.0011,entailment,False,NOT_RUN,NOT_RUN,NOT_RUN,NOT_RUN,NOT_RUN,ENTAILED_BY_TOP2,entailment,5.5845,5.5854
2,What are the basic parts of a neuron?,ABSTENTION,Not found in the provided textbook.,5,biopsychology_cells_of_the_nervous_system_chunk_6,0.0004,contradiction,"[1, 5]",0.002,0.0714,0.9266,contradiction,True,"[1, 2, 5]",0.0018,0.0563,0.9418,contradiction,NOT_ENTAILED,contradiction,8.4856,8.4866
3,What are the stages of sleep?,GENERATED_ANSWER,"Sleep consists of two main phases: non‑REM (NREM) and REM.  
NREM is divided into three stages:  
- **Stage 1** is a brief transitional period between wakefulness and sleep.  
- **Stage 2** features sleep spindles and K‑complexes, indicating light sleep.  
- **Stage 3** is deep, slow‑wave sleep with the lowest brain‑wave frequency and highest amplitude.  
After the NREM cycle, REM sleep follows, characterized by rapid eye movements and brain‑wave patterns similar to wakefulness.",1,states_of_consciousness_stages_of_sleep_chunk_0,0.699,entailment,"[1, 2]",0.9701,0.0283,0.0016,entailment,False,NOT_RUN,NOT_RUN,NOT_RUN,NOT_RUN,NOT_RUN,ENTAILED_BY_TOP2,entailment,6.1071,6.1079
4,What is operant conditioning?,GENERATED_ANSWER,"Operant conditioning is a type of associative learning in which an organism learns to link a behavior with its consequence. A consequence that is pleasant (reinforcement) increases the likelihood of the behavior being repeated, while a consequence that is unpleasant (punishment) decreases that likelihood. The consequence can be added (positive) or removed (negative), and the timing of the consequence—soon after the behavior—helps strengthen or weaken the behavior. This process explains how new behaviors, such as riding a bike, can be acquired.",4,learning_operant_conditioning_chunk_0,0.1565,neutral,"[3, 4]",0.9373,0.0623,0.0004,entailment,False,NOT_RUN,NOT_RUN,NOT_RUN,NOT_RUN,NOT_RUN,ENTAILED_BY_TOP2,entailment,5.7869,5.7877
5,What is problem-solving in psychology?,GENERATED_ANSWER,"Problem‑solving in psychology is the mental process of identifying a problem and then applying a strategy to find a solution. It involves selecting from various approaches—such as algorithms (step‑by‑step procedures), heuristics (mental shortcuts), or trial and error—and executing them to reach a desired outcome. Successful problem‑solving requires clear problem definition, consideration of possible solutions, and evaluation of their costs and benefits. Common roadblocks include mental set and functional fixedness, which cause people to persist with ineffective approaches.",3,thinking_and_intelligence_problem_solving_chunk_3,0.1931,neutral,"[2, 3]",0.706,0.2927,0.0013,entailment,False,NOT_RUN,NOT_RUN,NOT_RUN,NOT_RUN,NOT_RUN,ENTAILED_BY_TOP2,entailment,6.6701,6.6709
6,What are the three stages of memory?,GENERATED_ANSWER,"The three stages of memory are **sensory memory**, **short‑term memory**, and **long‑term memory**. These stages represent the progression of information from initial sensory input, through temporary holding, to permanent storage.",1,memory_how_memory_functions_chunk_3,0.9855,entailment,"[1, 2]",0.9591,0.0395,0.0014,entailment,False,NOT_RUN,NOT_RUN,NOT_RUN,NOT_RUN,NOT_RUN,ENTAILED_BY_TOP2,entailment,5.9942,5.995
7,What are the key components of emotion?,GENERATED_ANSWER,"Emotion is understood as a combination of three core components: physiological arousal (e.g., heart rate, sweating), psychological appraisal (the cognitive evaluation of a stimulus), and subjective experience (the feeling or conscious awareness of the emotion). These elements interact to produce the full emotional response.",1,emotion_and_motivation_emotion_chunk_2,0.7156,entailment,"[1, 4]",0.8644,0.1336,0.002,entailment,False,NOT_RUN,NOT_RUN,NOT_RUN,NOT_RUN,NOT_RUN,ENTAILED_BY_TOP2,entailment,5.9092,5.9099
8,What are the major personality traits in the Five Factor Model?,GENERATED_ANSWER,"The Five Factor Model identifies five major personality traits: openness to experience, conscientiousness, extroversion, agreeableness, and neuroticism.",1,personality_trait_theorists_chunk_3,0.9903,entailment,"[1, 2]",0.9779,0.0205,0.0017,entailment,False,NOT_RUN,NOT_RUN,NOT_RUN,NOT_RUN,NOT_RUN,ENTAILED_BY_TOP2,entailment,7.3235,7.3243
9,What is social psychology?,GENERATED_ANSWER,"Social psychology is the scientific study of how the presence of others, social groups, and situational factors influence a person’s thoughts, feelings, and behaviors. It examines both intrapersonal processes (such as attitudes, self‑conception, and social cognition) and interpersonal processes (including helping, aggression, prejudice, and group dynamics). Researchers in the field investigate how people interpret situations, how social roles and norms shape behavior, and how situational versus dispositional factors interact to produce observable actions.",2,social_psychology_what_is_social_psychology_chunk_0,0.9881,entailment,"[2, 3]",0.9533,0.0464,0.0003,entailment,False,NOT_RUN,NOT_RUN,NOT_RUN,NOT_RUN,NOT_RUN,ENTAILED_BY_TOP2,entailment,5.4886,5.4895
10,What is the sociocultural model in therapy?,GENERATED_ANSWER,"The sociocultural model in therapy views a client’s behaviors and symptoms through the lens of their cultural background and social norms. It integrates cultural patterns into a unique treatment plan, balancing individual and collectivist perspectives, and uses both universal and culture‑specific strategies. Therapists applying this model may work with individuals, groups, families, or couples, and they strive to recognize and address cultural barriers that affect help‑seeking and treatment engagement.",3,therapy_and_treatment_the_sociocultural_model_and_therapy_utilization_chunk_1,0.9823,entailment,"[3, 4]",0.9647,0.0352,0.0001,entailment,False,NOT_RUN,NOT_RUN,NOT_RUN,NOT_RUN,NOT_RUN,ENTAILED_BY_TOP2,entailment,6.9764,6.9773
11,What is the history of psychology?,GENERATED_ANSWER,"Psychology began as a branch of philosophy and evolved into a scientific discipline in the late 19th century, with Wilhelm Wundt’s laboratory in Leipzig and William James’s functionalism in the United States laying foundational methods. Early research emphasized introspection and the study of mental processes, while functionalists focused on how behavior helped organisms adapt to their environments. The field expanded rapidly, establishing laboratories worldwide—such as those in Buenos Aires and India—and forming the American Psychological Association in 1892. Pioneering women, including Margaret Floy Washburn, Mary Whiton Calkins, and Inez Beverly Prosser, broke gender and racial barriers, contributing to research and leadership. Throughout the 20th century, influential theorists like Sigmund Freud introduced psychoanalytic concepts, and the discipline continued to diversify and grow, integrating biological, social, and cognitive perspectives.",2,psychological_research_why_is_research_important_chunk_4,0.0493,neutral,"[1, 2]",0.0938,0.9043,0.0019,neutral,True,"[1, 2, 5]",0.3595,0.6331,0.0075,neutral,NOT_ENTAILED,neutral,9.9182,9.9194
12,Who were Wilhelm Wundt and William James?,GENERATED_ANSWER,"Wilhelm Wundt was a German psychologist who founded the first laboratory for psychological research at Leipzig in 1879 and published *Principles of Physiological Psychology* in 1873. He viewed psychology as a scientific study of conscious experience, using introspection and experimental methods such as reaction‑time measurement. William James was an American psychologist who helped establish functional psychology, emphasizing the purpose of mental activities in helping organisms adapt to their environment. He was the first American psychologist and promoted the idea that psychology should study the function of behavior rather than merely its structure.",1,introduction_to_psychology_history_of_psychology_chunk_1,0.8514,entailment,"[1, 3]",0.9908,0.0091,0.0001,entailment,False,NOT_RUN,NOT_RUN,NOT_RUN,NOT_RUN,NOT_RUN,ENTAILED_BY_TOP2,entailment,7.5057,7.5068
13,What is functionalism in psychology?,GENERATED_ANSWER,"Functionalism is the view that psychology should study the purpose or function of behavior and mental processes. It holds that mental activities help an organism adapt to its environment and that traits are selected because they serve survival and reproduction. Functionalists emphasize the operation of the whole mind rather than its individual parts, contrasting with structuralism’s focus on mental contents. This perspective was championed by William James, John Dewey, and Charles Sanders Peirce.",2,introduction_to_psychology_history_of_psychology_chunk_1,0.9605,entailment,"[2, 4]",0.9708,0.0288,0.0003,entailment,False,NOT_RUN,NOT_RUN,NOT_RUN,NOT_RUN,NOT_RUN,ENTAILED_BY_TOP2,entailment,7.3731,7.3739
14,What are Freud's contributions to psychology?,GENERATED_ANSWER,"Freud’s key contributions include the idea that early childhood experiences shape adult personality, the concept of the unconscious mind, and the division of personality into the id, ego, and superego. He proposed the psychosexual stages of development—oral, anal, phallic, latency, and genital—as a framework for understanding personality formation. Freud also introduced psychoanalysis, a therapeutic method that emphasizes free association and the exploration of unconscious material. His theories laid the groundwork for later personality theories and continue to influence contemporary psychotherapy practices.",3,psychological_research_approaches_to_research_chunk_0,0.0052,neutral,"[3, 5]",0.0055,0.9414,0.0531,neutral,True,"[2, 3, 5]",0.8446,0.1538,0.0015,entailment,ENTAILED_BY_TOP3,entailment,10.9892,10.9903
15,What are Gestalt principles?,GENERATED_ANSWER,"Gestalt principles are rules that explain how we organize sensory information into coherent, meaningful patterns. They include the figure‑ground relationship (distinguishing a focal object from its background), proximity (grouping nearby items), similarity (grouping alike items), the law of continuity (preferring smooth, continuous lines), and closure (tending to perceive complete shapes even when parts are missing). These principles help us interpret complex visual scenes by forming perceptual hypotheses based on past experience and expectations.",4,sensation_and_perception_gestalt_principles_of_perception_chunk_2,0.0456,neutral,"[4, 5]",0.3406,0.6583,0.0011,neutral,True,"[1, 4, 5]",0.93,0.0693,0.0006,entailment,ENTAILED_BY_TOP3,entailment,10.5753,10.5766
16,What is classical conditioning?,GENERATED_ANSWER,"Classical conditioning is an associative learning process in which an organism learns to link two stimuli that repeatedly occur together. A neutral stimulus, initially eliciting no response, becomes a conditioned stimulus (CS) after being paired with an unconditioned stimulus (UCS) that naturally produces an unconditioned response (UCR). Once the association is formed, the CS alone elicits a conditioned response (CR) that mirrors the UCR. This process explains how behaviors such as salivation to a bell or nausea to a doctor's office can be learned through repeated pairings.",5,learning_classical_conditioning_chunk_2,0.9725,entailment,"[3, 5]",0.9798,0.0195,0.0007,entailment,False,NOT_RUN,NOT_RUN,NOT_RUN,NOT_RUN,NOT_RUN,ENTAILED_BY_TOP2,entailment,7.921,7.9221
17,What are Skinner's contributions to behaviorism?,GENERATED_ANSWER,"Skinner expanded behaviorism by developing operant conditioning, showing that behavior is shaped by its consequences rather than by reflexive stimuli. He built the Skinner box to study how reinforcement and punishment influence animal behavior and introduced the concepts of positive and negative reinforcement. Skinner also pioneered shaping—reinforcing successive approximations of a target behavior—and created a teaching machine that rewarded correct responses, applying operant principles to education. His work emphasized the role of environmental contingencies in learning and helped shift behaviorism toward a systematic, experimental science.",1,learning_operant_conditioning_chunk_1,0.2951,neutral,"[1, 5]",0.6814,0.3142,0.0044,entailment,False,NOT_RUN,NOT_RUN,NOT_RUN,NOT_RUN,NOT_RUN,ENTAILED_BY_TOP2,entailment,7.9393,7.9403
18,What is Maslow's hierarchy of needs?,GENERATED_ANSWER,"Maslow’s hierarchy of needs is a pyramid of human motives that must be satisfied in a specific order. At the base are physiological needs for survival, followed by safety and security, love and belonging, and esteem or self‑worth. The top tier is self‑actualization, the drive to realize one’s full potential, and some versions add a higher level of self‑transcendence. Lower‑level needs must be met before higher‑level needs can be pursued.",1,emotion_and_motivation_motivation_chunk_6,0.9842,entailment,"[1, 2]",0.9683,0.0314,0.0003,entailment,False,NOT_RUN,NOT_RUN,NOT_RUN,NOT_RUN,NOT_RUN,ENTAILED_BY_TOP2,entailment,6.0508,6.0516
19,What is client-centered therapy?,GENERATED_ANSWER,"Client‑centered therapy, developed by Carl Rogers, is a nondirective, humanistic form of psychotherapy in which the client leads the session and works through their own issues. The therapist provides a supportive environment by practicing active listening, unconditional positive regard, genuineness, and empathy, allowing the client to explore feelings and conflicts without interpretation or advice. This approach emphasizes the client’s present and future growth rather than past unconscious material.",1,therapy_and_treatment_types_of_treatment_chunk_11,0.8769,entailment,"[1, 2]",0.9608,0.039,0.0002,entailment,False,NOT_RUN,NOT_RUN,NOT_RUN,NOT_RUN,NOT_RUN,ENTAILED_BY_TOP2,entailment,6.9564,6.9574
20,What is cognitive psychology?,GENERATED_ANSWER,"Cognitive psychology is the branch of psychology that studies mental processes such as thinking, perception, planning, analysis, and memory. It examines how these processes influence behavior and how people acquire, store, and use information. Researchers in this field investigate problem‑solving strategies, language, and other aspects of cognition to understand how the mind works.",3,thinking_and_intelligence_summary_chunk_0,0.3019,neutral,"[3, 4]",0.4957,0.5,0.0044,neutral,True,"[1, 3, 4]",0.8519,0.1456,0.0025,entailment,ENTAILED_BY_TOP3,entailment,11.4423,11.4434
21,What is developmental psychology?,GENERATED_ANSWER,"Developmental psychology is the scientific study of how people change and grow across the entire lifespan. It examines physical maturation as well as shifts in cognitive abilities, moral reasoning, social behavior, and other psychological attributes. Researchers investigate these changes through the three developmental domains—physical, cognitive, and psychosocial—to understand how individuals develop from conception to death.",3,lifespan_development_what_is_lifespan_development_chunk_0,0.9697,entailment,"[1, 3]",0.9409,0.0582,0.001,entailment,False,NOT_RUN,NOT_RUN,NOT_RUN,NOT_RUN,NOT_RUN,ENTAILED_BY_TOP2,entailment,7.0042,7.0051
22,What is biopsychology?,GENERATED_ANSWER,"Biopsychology, also called biological psychology, studies how biological factors—particularly the structure and function of the nervous system—affect behavior. Researchers examine sensory and motor systems, sleep, drug use, ingestive and reproductive behaviors, neurodevelopment, plasticity, and biological correlates of psychological disorders. The field integrates methods from psychology and physiology, and is often considered a component of neuroscience.",2,introduction_to_psychology_contemporary_psychology_chunk_1,0.9926,entailment,"[2, 3]",0.989,0.0104,0.0006,entailment,False,NOT_RUN,NOT_RUN,NOT_RUN,NOT_RUN,NOT_RUN,ENTAILED_BY_TOP2,entailment,8.5102,8.5111
23,What are evolutionary psychologists interested in?,GENERATED_ANSWER,"Evolutionary psychologists study how natural selection has shaped human behavior. They focus on traits that likely evolved as adaptations—such as memory, mate choice, kin and friendship relationships, cooperation, parenting, and social status—and on the genetic basis of these behaviors. By predicting how a behavior should function in ancestral environments, they test whether modern observations match those evolutionary expectations.",1,introduction_to_psychology_contemporary_psychology_chunk_2,0.9773,entailment,"[1, 4]",0.6379,0.3497,0.0124,entailment,False,NOT_RUN,NOT_RUN,NOT_RUN,NOT_RUN,NOT_RUN,ENTAILED_BY_TOP2,entailment,6.68,6.6809
24,What is sensation and perception?,GENERATED_ANSWER,"Sensation is the process by which sensory receptors detect physical stimuli and convert that energy into nerve impulses that reach the brain. Perception is the brain’s interpretation of those impulses, creating a conscious experience of the world. While sensation provides the raw data, perception is shaped by attention, prior experience, and cultural background, and can differ even when the sensory input is the same.",1,sensation_and_perception_sensation_versus_perception_chunk_0,0.3844,neutral,"[1, 2]",0.7405,0.2575,0.002,entailment,False,NOT_RUN,NOT_RUN,NOT_RUN,NOT_RUN,NOT_RUN,ENTAILED_BY_TOP2,entailment,6.7999,6.8009
25,What is the difference between sensation and perception?,GENERATED_ANSWER,"Sensation is the initial detection of stimulus energy by specialized sensory receptors, converting physical energy into neural signals (transduction) and producing a raw sensory input. Perception is the subsequent organization, interpretation, and conscious experience of that input, shaped by both bottom‑up sensory data and top‑down factors such as attention, expectations, and prior knowledge. Thus, sensation provides the raw data, while perception gives meaning to it.",5,sensation_and_perception_sensation_versus_perception_chunk_1,0.9894,entailment,"[1, 5]",0.9927,0.0072,0.0001,entailment,False,NOT_RUN,NOT_RUN,NOT_RUN,NOT_RUN,NOT_RUN,ENTAILED_BY_TOP2,entailment,7.2439,7.2447
26,What are Jean Piaget's theories of cognitive development?,GENERATED_ANSWER,"Jean Piaget’s theory of cognitive development proposes that children progress through distinct, sequential stages that reflect qualitative changes in thinking. The stages are the preoperational (≈2–7 years), concrete operational (≈7–11 years), and formal operational (≈11 years to adulthood) phases, each characterized by new abilities such as egocentrism, conservation, reversibility, and abstract reasoning. Piaget also described how children build and adjust mental models—schemata—through assimilation (adding new information to existing schemata) and accommodation (modifying schemata to fit new information). Later research has suggested that development may be more continuous, that children reach milestones earlier than Piaget predicted, and that adults may enter a postformal stage that integrates emotion and context into reasoning.",3,lifespan_development_lifespan_theories_chunk_8,0.3529,neutral,"[2, 3]",0.8838,0.1158,0.0004,entailment,False,NOT_RUN,NOT_RUN,NOT_RUN,NOT_RUN,NOT_RUN,ENTAILED_BY_TOP2,entailment,9.5594,9.5605
27,What is object permanence?,GENERATED_ANSWER,"Object permanence is the understanding that physical objects continue to exist even when they are not visible. Piaget noted that very young infants do not exhibit this concept, acting as if a hidden object no longer exists, whereas older infants and toddlers recognize that objects persist and can be found again. This cognitive milestone typically develops around eight months of age.",4,lifespan_development_stages_of_development_chunk_9,0.9716,entailment,"[1, 4]",0.9754,0.0213,0.0034,entailment,False,NOT_RUN,NOT_RUN,NOT_RUN,NOT_RUN,NOT_RUN,ENTAILED_BY_TOP2,entailment,8.03,8.0309
28,What is the role of neurotransmitters in psychology?,GENERATED_ANSWER,"Neurotransmitters are the chemical messengers that carry signals across synapses, enabling neurons to communicate electro‑chemically. Their activity shapes behavior and cognition, and imbalances are linked to psychological disorders such as depression, schizophrenia, and Parkinson’s disease. Psychotropic drugs target neurotransmitter systems—acting as agonists, antagonists, or reuptake inhibitors—to restore balance and alleviate symptoms. Neurotransmitters also play a key role in memory formation, with repeated neuronal activity increasing their release and strengthening synaptic connections.",1,biopsychology_cells_of_the_nervous_system_chunk_6,0.0157,neutral,"[1, 3]",0.8958,0.104,0.0002,entailment,False,NOT_RUN,NOT_RUN,NOT_RUN,NOT_RUN,NOT_RUN,ENTAILED_BY_TOP2,entailment,7.9738,7.9747
29,What is the Big Five personality trait model?,GENERATED_ANSWER,"The Big Five personality trait model, also called the Five‑Factor Model, identifies five broad dimensions that capture most of the variation in human personality. These dimensions are openness to experience, conscientiousness, extraversion, agreeableness, and neuroticism (often remembered with the mnemonic OCEAN). Each trait is measured on a continuum from low to high, and the five factors are relatively stable across the lifespan and are found across cultures and ethnicities.",3,personality_trait_theorists_chunk_4,0.0184,neutral,"[3, 4]",0.5933,0.3943,0.0124,entailment,False,NOT_RUN,NOT_RUN,NOT_RUN,NOT_RUN,NOT_RUN,ENTAILED_BY_TOP2,entailment,7.6926,7.6936
30,What are psychological disorders?,GENERATED_ANSWER,"Psychological disorders are syndromes characterized by clinically significant disturbances in cognition, emotion regulation, or behavior that reflect a dysfunction in the underlying psychological, biological, or developmental processes. They are marked by atypical, distressing, and often dangerous patterns of thoughts, feelings, or behaviors that are socially unacceptable and cause significant distress or disability in social, occupational, or other important activities. A disorder is identified when these disturbances are not merely culturally expected reactions but represent a harmful dysfunction that impairs normal functioning.",4,psychological_disorders_what_are_psychological_disorders_chunk_5,0.8066,entailment,"[1, 4]",0.2633,0.7348,0.0019,neutral,True,"[1, 2, 4]",0.9013,0.0717,0.027,entailment,ENTAILED_BY_TOP3,entailment,11.6202,11.6215
31,What is the DSM-5?,GENERATED_ANSWER,"The DSM‑5 is the most recent edition of the Diagnostic and Statistical Manual of Mental Disorders, published by the American Psychiatric Association in 2013. It reorganizes and renames many diagnostic categories and updates criteria for disorders, such as removing the bereavement exclusion for major depressive disorder. The manual provides detailed descriptions of each disorder, including diagnostic features, required symptoms, prevalence rates, risk factors, and information on comorbidity. It also emphasizes careful consideration of gender and cultural differences in symptom expression.",2,introduction_to_psychology_what_is_psychology_chunk_0,0.0058,neutral,"[2, 5]",0.0074,0.9905,0.0021,neutral,True,"[2, 3, 5]",0.0053,0.9918,0.0029,neutral,NOT_ENTAILED,neutral,13.365,13.3664
32,What is the importance of ethics in psychological research?,GENERATED_ANSWER,"Ethics in psychological research safeguards the welfare of all participants, whether human or animal, by requiring informed consent and the minimization of pain or distress. Institutional review boards (IRBs) for human studies and Institutional Animal Care and Use Committees (IACUCs) for animal studies review protocols to ensure humane treatment and adherence to regulatory standards. These safeguards protect subjects from harm, uphold scientific integrity, and maintain public trust in psychological science.",2,psychological_research_why_is_research_important_chunk_3,0.3071,neutral,"[1, 2]",0.7971,0.2027,0.0002,entailment,False,NOT_RUN,NOT_RUN,NOT_RUN,NOT_RUN,NOT_RUN,ENTAILED_BY_TOP2,entailment,7.7664,7.7672
33,What is the cognitive revolution in psychology?,GENERATED_ANSWER,"The cognitive revolution was a mid‑20th‑century shift in psychology that moved the focus from observable behavior to the mental processes that underlie it. Emerging in the 1950s, it was driven by new insights from linguistics, neuroscience, and computer science, and it revived scientific interest in the mind. This interdisciplinary movement, influenced by figures such as Noam Chomsky and Ulric Neisser, led to the development of cognitive psychology and the broader field of cognitive science. It replaced the dominant behaviorist emphasis on external behavior with an emphasis on internal cognition, perception, and information processing.",1,introduction_to_psychology_history_of_psychology_chunk_8,0.1828,neutral,"[1, 3]",0.5496,0.4416,0.0088,entailment,False,NOT_RUN,NOT_RUN,NOT_RUN,NOT_RUN,NOT_RUN,ENTAILED_BY_TOP2,entailment,9.1966,9.1977
34,What is feminist psychology?,GENERATED_ANSWER,"Feminist psychology is an approach that critiques the male bias historically present in psychological research and theory. It seeks to re‑evaluate and highlight women’s contributions to the field, study psychological gender differences, and question the influence of male cultural assumptions on knowledge about women. The goal is to develop theories and research that are free from these biases and more inclusive of diverse perspectives.",1,introduction_to_psychology_history_of_psychology_chunk_9,0.9781,entailment,"[1, 4]",0.8972,0.1024,0.0004,entailment,False,NOT_RUN,NOT_RUN,NOT_RUN,NOT_RUN,NOT_RUN,ENTAILED_BY_TOP2,entailment,4.5885,4.5893
35,What is multicultural psychology?,GENERATED_ANSWER,"Multicultural psychology is the study of how culture shapes individuals, groups, and society. It seeks to correct the over‑representation of WEIRD (Western, educated, industrialized, rich, democratic) populations in research and to apply findings appropriately to non‑WEIRD groups. Researchers in this field develop theories and conduct studies with diverse populations, often within a single country, and also compare groups across countries to examine cultural differences in perception, cooperation, moral reasoning, and other psychological processes.",3,introduction_to_psychology_history_of_psychology_chunk_9,0.9815,entailment,"[3, 5]",0.9787,0.0208,0.0005,entailment,False,NOT_RUN,NOT_RUN,NOT_RUN,NOT_RUN,NOT_RUN,ENTAILED_BY_TOP2,entailment,5.7481,5.749
36,What are the challenges of cross-cultural psychology?,GENERATED_ANSWER,"Cross‑cultural psychology faces several key challenges. First, many standard assessments are rooted in Western concepts and may not capture culturally specific traits, leading to biased or invalid results unless instruments are adapted or newly developed for each culture. Second, researchers often rely on WEIRD samples, which limits the generalizability of findings to non‑Western populations and can mask important cultural differences in perception, cooperation, and moral reasoning. Third, practical barriers such as language, stigma, lack of culturally competent providers, and unequal access to services further hinder the accurate assessment and treatment of diverse groups. Addressing these issues requires culturally informed theory, diverse sampling, and the creation of culturally relevant measurement tools.",1,personality_personality_assessment_chunk_0,0.0305,neutral,"[1, 4]",0.2989,0.6995,0.0016,neutral,True,"[1, 3, 4]",0.4711,0.5278,0.0011,neutral,NOT_ENTAILED,neutral,13.475,13.4766
37,What is stress in psychology?,GENERATED_ANSWER,"In psychology, stress is best understood as a process in which an individual perceives an event or situation as overwhelming or threatening and then responds to it. This appraisal shapes the physiological, cognitive, and behavioral reactions that follow. Stress can be both a response to external demands (stimulus‑based) and a bodily reaction to those demands (response‑based), but the process definition emphasizes the role of personal judgment in determining whether a situation is stressful.",1,stress_lifestyle_and_health_what_is_stress_chunk_0,0.3218,neutral,"[1, 4]",0.839,0.1609,0.0001,entailment,False,NOT_RUN,NOT_RUN,NOT_RUN,NOT_RUN,NOT_RUN,ENTAILED_BY_TOP2,entailment,8.2173,8.2184
38,What are the stages of psychosexual development?,GENERATED_ANSWER,"The psychosexual stages, as outlined by Freud, are:

1. **Oral** (birth–1 year) – pleasure centers on the mouth.  
2. **Anal** (1–3 years) – focus shifts to the anus during toilet training.  
3. **Phallic** (3–6 years) – interest moves to the genitals, involving the Oedipus/Electra complex.  
4. **Latency** (6–12 years) – a period of relative calm with no major conflict.  
5. **Genital** (puberty onward) – sexual interests mature and are directed toward socially acceptable partners.",2,personality_freud_and_the_psychodynamic_perspective_chunk_4,0.8942,entailment,"[1, 2]",0.8462,0.1505,0.0033,entailment,False,NOT_RUN,NOT_RUN,NOT_RUN,NOT_RUN,NOT_RUN,ENTAILED_BY_TOP2,entailment,10.3169,10.3179
39,What is the importance of replication in psychological research?,GENERATED_ANSWER,"Replication allows other researchers to repeat an experiment with different samples, confirming the reliability and generalizability of the original findings. Each successful replication adds evidence that supports the study’s conclusions, making scientists more likely to accept and build on those results. Conversely, repeated failures cast doubt on the original article, prompting further scrutiny and potentially leading to retraction or revision. Thus, replication is a key mechanism for quality control and for advancing psychological knowledge.",1,psychological_research_analyzing_findings_chunk_12,0.9836,entailment,"[1, 3]",0.9819,0.0179,0.0002,entailment,False,NOT_RUN,NOT_RUN,NOT_RUN,NOT_RUN,NOT_RUN,ENTAILED_BY_TOP2,entailment,7.6824,7.6835
40,What are different types of psychological therapies?,GENERATED_ANSWER,"Psychological therapies include several major orientations.  Psychodynamic approaches (e.g., psychoanalysis and psychodynamic psychotherapy) focus on unconscious conflicts and childhood experiences.  Behavior and cognitive therapies use learning principles to change maladaptive thoughts and behaviors, while cognitive‑behavioral therapy combines both.  Humanistic therapy emphasizes self‑awareness and acceptance, and play therapy adapts psychoanalytic ideas for children.  These and other evidence‑based modalities are often used alone or in combination to treat anxiety, depression, PTSD, and other disorders.",5,biopsychology_cells_of_the_nervous_system_chunk_6,0.0172,neutral,"[1, 5]",0.0122,0.9843,0.0035,neutral,True,"[1, 4, 5]",0.8463,0.1527,0.001,entailment,ENTAILED_BY_TOP3,entailment,12.2794,12.2807
41,What is the role of neurotransmitters in mental health?,GENERATED_ANSWER,"Neurotransmitters are the chemical messengers that allow neurons to communicate across synapses, and their balance is essential for normal brain function.  Imbalances in key systems—such as low serotonin in depression, excess dopamine in schizophrenia, or low dopamine in Parkinson’s disease—are linked to the symptoms of these disorders.  Psychotropic medications work by correcting these imbalances: agonists mimic neurotransmitters, antagonists block them, and reuptake inhibitors prolong their action in the synaptic cleft.  Thus, neurotransmitters play a central role in the biological basis of mental health and in the therapeutic action of psychiatric drugs.",2,biopsychology_cells_of_the_nervous_system_chunk_7,0.4172,neutral,"[2, 3]",0.3762,0.6235,0.0002,neutral,True,"[1, 2, 3]",0.9085,0.0912,0.0003,entailment,ENTAILED_BY_TOP3,entailment,11.7819,11.7832
42,What are major themes in industrial-organizational psychology?,GENERATED_ANSWER,"Industrial‑organizational psychology focuses on three core themes. First, **industrial psychology** examines job requirements, candidate selection, training, evaluation, and legal issues such as discrimination. Second, **organizational psychology** studies employee relationships, satisfaction, motivation, commitment, leadership, culture, and workplace issues like harassment and violence. Third, **human‑factors psychology** (ergonomics) investigates how workers interact with tools and environments to optimize safety, productivity, and health. These themes together guide research and practice in workplaces.",4,industrialorganizational_psychology_what_is_industrial_and_organizational_psychology_chunk_0,0.5676,entailment,"[2, 4]",0.8997,0.1001,0.0001,entailment,False,NOT_RUN,NOT_RUN,NOT_RUN,NOT_RUN,NOT_RUN,ENTAILED_BY_TOP2,entailment,8.496,8.4969
43,What is the role of social norms in behavior?,GENERATED_ANSWER,"Social norms are the shared expectations a group holds about what is appropriate and acceptable behavior. They give people cues about how to act in a particular role or setting, shaping everyday conduct. By defining what is considered “normal” or “acceptable,” norms influence individuals’ choices, guide their interactions, and help maintain social order.",3,social_psychology_selfpresentation_chunk_3,0.8003,entailment,"[1, 3]",0.8262,0.1736,0.0002,entailment,False,NOT_RUN,NOT_RUN,NOT_RUN,NOT_RUN,NOT_RUN,ENTAILED_BY_TOP2,entailment,7.617,7.618
44,What is the difference between prejudice and discrimination?,GENERATED_ANSWER,"Prejudice is a negative attitude or feeling toward a person based solely on their membership in a particular social group.  
Discrimination is the negative action or behavior toward an individual that results from that prejudice.  
Thus, prejudice refers to the internal belief or feeling, while discrimination refers to the external treatment that follows.",1,social_psychology_prejudice_and_discrimination_chunk_2,0.9307,entailment,"[1, 2]",0.8331,0.1615,0.0054,entailment,False,NOT_RUN,NOT_RUN,NOT_RUN,NOT_RUN,NOT_RUN,ENTAILED_BY_TOP2,entailment,7.9662,7.9673
45,What are key takeaways from the Brown v. Board of Education research?,GENERATED_ANSWER,"Brown v. Board of Education research showed that segregation produced measurable psychological harm to African‑American children, as demonstrated by the Clark twins’ doll‑preference studies.  Inez Beverly Prosser’s work on educational disparities in segregated versus integrated schools provided empirical evidence that segregation was detrimental to learning and development.  Together, these studies supplied the scientific foundation that the Supreme Court used to rule that state‑mandated segregation of public schools was unconstitutional, underscoring the role of culturally relevant research in advancing civil‑rights law.",4,psychological_research_why_is_research_important_chunk_3,0.091,neutral,"[4, 5]",0.189,0.8094,0.0016,neutral,True,"[1, 4, 5]",0.8591,0.1392,0.0017,entailment,ENTAILED_BY_TOP3,entailment,12.7599,12.7612
46,What is the scientific process of hypothesis testing?,GENERATED_ANSWER,"The scientific process of hypothesis testing begins with a hypothesis that is derived from a broader theory. Researchers design an experiment or observational study that operationally defines the variables and includes an experimental and a control group when possible. The hypothesis is then tested by collecting measurable data; if the results are consistent with the prediction, the hypothesis—and thus the theory—is supported. If the results contradict the prediction, the theory is revised or a new hypothesis is generated. This deductive, falsifiable approach ensures that only hypotheses that can be empirically disproved are considered valid.",3,psychological_research_analyzing_findings_chunk_5,0.4872,neutral,"[3, 4]",0.5379,0.3692,0.0929,entailment,False,NOT_RUN,NOT_RUN,NOT_RUN,NOT_RUN,NOT_RUN,ENTAILED_BY_TOP2,entailment,8.0221,8.0231
47,What are applications of psychology in education?,GENERATED_ANSWER,"Psychology is applied in education through roles such as school psychologists who assess and support students’ learning and emotional needs.  The knowledge of individual differences, cultural diversity, and the interaction of biology, environment, and experience that students gain in psychology courses is used to design effective curricula and instructional strategies.  Graduates often work as teachers, educational consultants, or in educational assessment, applying research‑based principles to improve learning outcomes.",3,psychological_research_why_is_research_important_chunk_3,0.7134,entailment,"[3, 4]",0.9058,0.0938,0.0004,entailment,False,NOT_RUN,NOT_RUN,NOT_RUN,NOT_RUN,NOT_RUN,ENTAILED_BY_TOP2,entailment,7.4562,7.4572
48,What is the difference between mood disorders and personality disorders?,ABSTENTION,Not found in the provided textbook.,2,psychological_disorders_mood_and_related_disorders_chunk_2,0.0005,contradiction,"[2, 3]",0.0002,0.0804,0.9194,contradiction,True,"[2, 3, 4]",0.0003,0.0162,0.9835,contradiction,NOT_ENTAILED,contradiction,11.6398,11.641
49,What is the impact of cultural diversity on psychological research?,GENERATED_ANSWER,"Cultural diversity shows that many psychological constructs and assessment tools developed in Western contexts may not be valid or reliable in other cultures, requiring culturally sensitive methods such as the indigenous or combined approaches. It also reveals that cultural values—e.g., collectivism versus individualism—shape personality traits, help‑seeking behaviors, and treatment utilization, leading to disparities in mental‑health services. Consequently, researchers must incorporate cultural norms, language, and context into study designs to avoid bias and enhance the generalizability of findings.",5,personality_personality_assessment_chunk_0,0.817,entailment,"[1, 5]",0.9558,0.044,0.0002,entailment,False,NOT_RUN,NOT_RUN,NOT_RUN,NOT_RUN,NOT_RUN,ENTAILED_BY_TOP2,entailment,9.877,9.8781
50,What is the role of critical thinking in psychology?,GENERATED_ANSWER,"Critical thinking in psychology equips students to evaluate information rigorously, recognizing biases and applying logical reasoning. It fosters scientific literacy, enabling students to assess the reliability of data and research findings. By questioning assumptions and observing evidence, students better understand how biology, environment, and experience shape behavior. This skill set also improves communication and prepares students to critically assess diverse sources in both academic and applied contexts.",1,introduction_to_psychology_history_of_psychology_chunk_0,0.8952,entailment,"[1, 4]",0.9096,0.0902,0.0002,entailment,False,NOT_RUN,NOT_RUN,NOT_RUN,NOT_RUN,NOT_RUN,ENTAILED_BY_TOP2,entailment,6.1612,6.1622
